t,soc,big0,uV,f_cur,c14,c18
0,43461,43461,725000,1608000,1595,1599
1,45307,45307,725000,1608000,1604,1598
2,45307,45307,725000,1608000,1605,1598
3,46230,46230,725000,1608000,1606,1599
4,47153,47153,725000,1608000,1600,1598
5,47153,47153,725000,1608000,1596,1599
6,47153,47153,725000,1608000,1596,1598
7,48076,48076,725000,1608000,1602,1599
8,48076,48076,725000,1608000,1601,1598
9,48076,49000,725000,1608000,1602,1598
10,48076,48076,725000,1608000,1596,1598
11,48076,49000,725000,1608000,1603,1599
12,49000,49000,725000,1608000,1596,1598
13,49000,49000,725000,1608000,1595,1598
14,49000,49000,725000,1608000,1597,1598
15,49000,49923,725000,1608000,1595,1598
16,49923,49923,725000,1608000,1598,1595
17,49923,49923,725000,1608000,1603,1598
18,49923,49923,725000,1608000,1606,1598
19,49923,49923,725000,1608000,1601,1597
20,49923,49923,725000,1608000,1598,1598
21,50846,50846,725000,1608000,1594,1599
22,50846,50846,725000,1608000,1604,1597
23,50846,50846,725000,1608000,1593,1598
24,50846,50846,725000,1608000,1597,1598
25,50846,50846,725000,1608000,1595,1597
26,50846,51769,725000,1608000,1589,1597
27,51769,51769,725000,1608000,1601,1595
28,50846,51769,725000,1608000,1602,1598
29,51769,51769,725000,1608000,1601,1597
30,51769,51769,725000,1608000,1604,1598
31,51769,51769,725000,1608000,1598,1598
32,51769,51769,725000,1608000,1598,1595
33,51769,52692,725000,1608000,1598,1595
34,52692,52692,725000,1608000,1600,1595
35,52692,52692,725000,1608000,1595,1598
36,52692,52692,725000,1608000,1605,1597
37,52692,52692,725000,1608000,1601,1597
38,52692,52692,725000,1608000,1604,1597
39,52692,52692,725000,1608000,1597,1598
40,52692,52692,725000,1608000,1606,1598
41,52692,52692,725000,1608000,1598,1597
42,52692,52692,725000,1608000,1600,1598
43,52692,53615,725000,1608000,1602,1598
44,52692,52692,725000,1608000,1602,1598
45,52692,52692,725000,1608000,1594,1597
46,53615,53615,725000,1608000,1603,1597
47,53615,53615,725000,1608000,1596,1597
48,53615,53615,725000,1608000,1601,1598
49,53615,54538,725000,1608000,1608,1598
50,54538,54538,725000,1608000,1597,1595
51,54538,54538,725000,1608000,1597,1595
52,54538,54538,725000,1608000,1598,1598
53,54538,54538,725000,1608000,1598,1597
54,54538,54538,725000,1608000,1598,1598
55,54538,54538,725000,1608000,1593,1597
56,54538,54538,725000,1608000,1602,1597
57,54538,55461,725000,1608000,1597,1596
58,54538,55461,725000,1608000,1607,1598
59,54538,54538,725000,1608000,1595,1597
60,54538,54538,725000,1608000,1593,1597
61,55461,55461,725000,1608000,1596,1597
62,55461,55461,725000,1608000,1601,1598
63,55461,55461,725000,1608000,1595,1597
64,55461,55461,725000,1608000,1597,1595
65,55461,55461,725000,1608000,1593,1598
66,56384,56384,725000,1608000,1601,1597
67,55461,56384,725000,1608000,1601,1597
68,56384,56384,725000,1608000,1599,1595
69,56384,56384,725000,1608000,1597,1594
70,56384,56384,725000,1608000,1599,1598
71,56384,56384,725000,1608000,1600,1597
72,56384,56384,725000,1608000,1596,1597
73,56384,56384,725000,1608000,1594,1595
74,56384,56384,725000,1608000,1597,1597
75,56384,57307,725000,1608000,1596,1596
76,56384,56384,725000,1608000,1593,1597
77,56384,56384,725000,1608000,1594,1597
78,56384,57307,725000,1608000,1600,1598
79,57307,56384,725000,1608000,1604,1598
80,57307,57307,725000,1608000,1603,1598
81,57307,57307,725000,1608000,1595,1595
82,57307,57307,725000,1608000,1601,1598
83,57307,57307,725000,1608000,1602,1597
84,57307,57307,725000,1608000,1598,1594
85,58230,58230,725000,1608000,1598,1595
86,58230,58230,725000,1608000,1602,1597
87,58230,58230,725000,1608000,1603,1597
88,58230,58230,725000,1608000,1592,1595
89,58230,58230,725000,1608000,1599,1597
90,58230,58230,725000,1608000,1603,1597
91,58230,58230,725000,1608000,1604,1597
92,58230,58230,725000,1608000,1603,1597
93,58230,58230,725000,1608000,1596,1597
94,58230,58230,725000,1608000,1593,1598
95,58230,58230,725000,1608000,1594,1597
96,58230,59153,725000,1608000,1591,1597
97,58230,58230,725000,1608000,1601,1597
98,59153,59153,725000,1608000,1613,1598
99,58230,59153,725000,1608000,1600,1597
100,59153,59153,725000,1608000,1603,1597
101,59153,59153,725000,1608000,1590,1594
102,59153,60076,725000,1608000,1598,1594
103,59153,59153,725000,1608000,1603,1597
104,59153,59153,725000,1608000,1601,1597
105,59153,59153,725000,1608000,1600,1598
106,59153,59153,725000,1608000,1594,1598
107,59153,59153,725000,1608000,1599,1597
108,60076,60076,725000,1608000,1597,1597
109,60076,60076,725000,1608000,1594,1598
110,60076,60076,725000,1608000,1598,1598
111,60076,60076,725000,1608000,1599,1597
112,60076,60076,725000,1608000,1602,1597
113,60076,60076,725000,1608000,1602,1596
114,60076,60076,725000,1608000,1604,1597
115,60076,60076,725000,1608000,1604,1598
116,60076,60076,725000,1608000,1595,1597
117,60076,60076,725000,1608000,1601,1597
118,60076,61000,725000,1608000,1599,1594
119,60076,61000,725000,1608000,1594,1594
120,60076,60076,725000,1608000,1595,1597
121,61000,61000,725000,1608000,1594,1596
122,60076,60076,725000,1608000,1592,1596
123,60076,61000,725000,1608000,1593,1597
124,61000,61000,725000,1608000,1596,1597
125,61000,61000,725000,1608000,1596,1596
126,61000,61000,725000,1608000,1593,1597
127,61000,61000,725000,1608000,1607,1595
128,61000,61000,725000,1608000,1601,1597
129,61000,61000,725000,1608000,1595,1597
130,61000,61000,725000,1608000,1592,1597
131,61000,61923,725000,1608000,1601,1597
132,61000,61000,725000,1608000,1604,1597
133,61000,61923,725000,1608000,1597,1594
134,61923,62846,725000,1608000,1596,1594
135,61923,61923,725000,1608000,1602,1597
136,61923,61923,725000,1608000,1595,1597
137,61923,61923,725000,1608000,1600,1595
138,61923,61923,725000,1608000,1592,1597
139,61923,61923,725000,1608000,1603,1597
140,61923,61923,725000,1608000,1596,1595
141,61923,61923,725000,1608000,1600,1596
142,61923,61923,725000,1608000,1596,1597
143,61923,61923,725000,1608000,1592,1597
144,61923,61923,725000,1608000,1597,1597
145,61923,61923,725000,1608000,1598,1597
146,61923,61923,725000,1608000,1599,1597
147,61923,61923,725000,1608000,1599,1597
148,62846,62846,725000,1608000,1603,1597
149,62846,62846,725000,1608000,1598,1594
150,62846,63769,725000,1608000,1598,1594
151,62846,62846,725000,1608000,1598,1597
152,62846,62846,725000,1608000,1601,1597
153,62846,62846,725000,1608000,1593,1596
154,62846,62846,725000,1608000,1593,1596
155,62846,62846,725000,1608000,1595,1597
156,62846,62846,725000,1608000,1604,1596
157,62846,62846,725000,1608000,1602,1597
158,62846,62846,725000,1608000,1594,1597
159,63769,63769,725000,1608000,1595,1596
160,62846,62846,725000,1608000,1600,1597
161,63769,63769,725000,1608000,1596,1597
162,63769,63769,725000,1608000,1597,1594
163,63769,63769,725000,1608000,1597,1597
164,63769,63769,725000,1608000,1602,1596
165,63769,63769,725000,1608000,1599,1594
166,63769,64692,725000,1608000,1599,1594
167,63769,63769,725000,1608000,1599,1596
168,63769,63769,725000,1608000,1604,1597
169,63769,63769,725000,1608000,1585,1595
170,63769,63769,725000,1608000,1594,1597
171,63769,63769,725000,1608000,1592,1596
172,63769,63769,725000,1608000,1603,1596
173,63769,63769,725000,1608000,1597,1594
174,63769,63769,725000,1608000,1605,1597
175,63769,63769,725000,1608000,1600,1596
176,63769,63769,725000,1608000,1601,1597
177,63769,64692,725000,1608000,1602,1595
178,63769,63769,725000,1608000,1599,1597
179,63769,64692,725000,1608000,1595,1597
180,63769,63769,725000,1608000,1600,1597
181,64692,64692,725000,1608000,1599,1597
182,64692,65615,725000,1608000,1597,1594
183,64692,64692,725000,1608000,1603,1596
184,64692,64692,725000,1608000,1594,1597
185,64692,64692,725000,1608000,1591,1597
186,64692,64692,725000,1608000,1593,1596
187,64692,64692,725000,1608000,1601,1597
188,64692,64692,725000,1608000,1599,1596
189,64692,64692,725000,1608000,1601,1597
190,64692,64692,725000,1608000,1597,1596
191,64692,65615,725000,1608000,1596,1595
192,65615,65615,725000,1608000,1600,1597
193,64692,64692,725000,1608000,1600,1596
194,64692,65615,725000,1608000,1602,1596
195,64692,65615,725000,1608000,1593,1597
196,64692,64692,725000,1608000,1600,1596
197,65615,65615,725000,1608000,1597,1593
198,65615,66538,725000,1608000,1596,1594
199,65615,65615,725000,1608000,1597,1597
200,65615,65615,725000,1608000,1595,1596
201,65615,65615,725000,1608000,1598,1597
202,65615,65615,725000,1608000,1597,1597
203,65615,65615,725000,1608000,1600,1596
204,65615,65615,725000,1608000,1594,1597
205,65615,65615,725000,1608000,1593,1597
206,65615,65615,725000,1608000,1593,1597
207,65615,65615,725000,1608000,1598,1597
208,65615,65615,725000,1608000,1601,1596
209,66538,66538,725000,1608000,1596,1595
210,65615,65615,725000,1608000,1594,1597
211,65615,66538,725000,1608000,1598,1597
212,65615,66538,725000,1608000,1594,1597
213,66538,66538,725000,1608000,1597,1593
214,66538,66538,725000,1608000,1601,1595
215,66538,66538,725000,1608000,1602,1597
216,66538,66538,725000,1608000,1603,1596
217,66538,66538,725000,1608000,1594,1597
218,66538,66538,725000,1608000,1595,1596
219,66538,66538,725000,1608000,1601,1596
220,66538,66538,725000,1608000,1595,1597
221,66538,66538,725000,1608000,1603,1594
222,66538,66538,725000,1608000,1594,1595
223,66538,66538,725000,1608000,1602,1597
224,66538,66538,725000,1608000,1591,1596
225,66538,66538,725000,1608000,1591,1596
226,66538,66538,725000,1608000,1593,1597
227,66538,66538,725000,1608000,1602,1596
228,66538,66538,725000,1608000,1593,1595
229,67461,67461,725000,1608000,1596,1593
230,67461,67461,725000,1608000,1593,1593
231,67461,67461,725000,1608000,1603,1596
232,66538,67461,725000,1608000,1597,1597
233,66538,67461,725000,1608000,1597,1596
234,67461,67461,725000,1608000,1593,1596
235,67461,67461,725000,1608000,1599,1597
236,67461,67461,725000,1608000,1598,1594
237,67461,67461,725000,1608000,1600,1596
238,67461,67461,725000,1608000,1590,1595
239,67461,67461,725000,1608000,1602,1596
240,67461,67461,725000,1608000,1595,1596
241,67461,67461,725000,1608000,1602,1596
242,67461,67461,725000,1608000,1600,1596
243,67461,67461,725000,1608000,1596,1596
244,67461,67461,725000,1608000,1599,1597
245,67461,68384,725000,1608000,1597,1593
246,67461,68384,725000,1608000,1596,1593
247,67461,67461,725000,1608000,1599,1597
248,67461,68384,725000,1608000,1603,1596
249,67461,67461,725000,1608000,1600,1597
250,67461,67461,725000,1608000,1593,1596
251,67461,67461,725000,1608000,1598,1596
252,67461,67461,725000,1608000,1603,1596
253,67461,67461,725000,1608000,1598,1596
254,67461,67461,725000,1608000,1600,1596
255,67461,68384,725000,1608000,1596,1595
256,67461,68384,725000,1608000,1595,1596
257,67461,68384,725000,1608000,1603,1596
258,67461,68384,725000,1608000,1594,1597
259,67461,68384,725000,1608000,1597,1593
260,68384,69307,725000,1608000,1596,1593
261,68384,68384,725000,1608000,1602,1596
262,68384,68384,725000,1608000,1593,1594
263,68384,68384,725000,1608000,1593,1596
264,67461,67461,725000,1608000,1597,1596
265,68384,68384,725000,1608000,1599,1596
266,68384,68384,725000,1608000,1591,1596
267,68384,68384,725000,1608000,1591,1596
268,68384,68384,725000,1608000,1602,1595
269,68384,68384,725000,1608000,1598,1596
270,68384,69307,725000,1608000,1603,1597
271,68384,68384,725000,1608000,1597,1596
272,68384,68384,725000,1608000,1598,1596
273,68384,68384,725000,1608000,1595,1595
274,68384,69307,725000,1608000,1596,1593
275,69307,69307,725000,1608000,1597,1593
276,69307,69307,725000,1608000,1592,1597
277,69307,69307,725000,1608000,1593,1597
278,68384,69307,725000,1608000,1593,1596
279,68384,68384,725000,1608000,1601,1596
280,69307,69307,725000,1608000,1595,1596
281,69307,69307,725000,1608000,1593,1596
282,69307,69307,725000,1608000,1592,1594
283,69307,69307,725000,1608000,1590,1593
284,69307,69307,725000,1608000,1594,1596
285,69307,69307,725000,1608000,1600,1596
286,69307,69307,725000,1608000,1602,1593
287,69307,69307,725000,1608000,1594,1595
288,69307,69307,725000,1608000,1593,1596
289,69307,69307,725000,1608000,1593,1596
290,69307,70230,725000,1608000,1595,1593
291,69307,70230,725000,1608000,1602,1596
292,69307,69307,725000,1608000,1599,1596
293,69307,69307,725000,1608000,1598,1595
294,69307,70230,725000,1608000,1598,1596
295,69307,69307,725000,1608000,1599,1594
296,69307,70230,725000,1608000,1601,1595
297,69307,69307,725000,1608000,1601,1596
298,69307,70230,725000,1608000,1599,1595
299,69307,69307,725000,1608000,1602,1596
300,69307,70230,725000,1608000,1594,1594
301,69307,70230,725000,1608000,1595,1595
302,69307,69307,725000,1608000,1592,1595
303,69307,70230,725000,1608000,1595,1596
304,70230,70230,725000,1608000,1595,1595
305,69307,70230,725000,1608000,1594,1593
306,70230,71153,725000,1608000,1593,1592
307,70230,70230,725000,1608000,1603,1595
308,70230,70230,725000,1608000,1591,1596
309,69307,69307,725000,1608000,1595,1595
310,70230,70230,725000,1608000,1601,1596
311,70230,70230,725000,1608000,1600,1595
312,69307,70230,725000,1608000,1596,1596
313,70230,70230,725000,1608000,1595,1593
314,70230,70230,725000,1608000,1598,1596
315,70230,70230,725000,1608000,1601,1596
316,70230,70230,725000,1608000,1601,1596
317,70230,70230,725000,1608000,1600,1595
318,70230,70230,725000,1608000,1595,1596
319,70230,71153,725000,1608000,1596,1593
320,70230,71153,725000,1608000,1596,1593
321,70230,71153,725000,1608000,1597,1596
322,70230,70230,725000,1608000,1600,1595
323,70230,70230,725000,1608000,1592,1596
324,70230,70230,725000,1608000,1596,1596
325,70230,70230,725000,1608000,1597,1596
326,70230,71153,725000,1608000,1593,1592
327,70230,71153,725000,1608000,1594,1596
328,70230,70230,725000,1608000,1599,1595
329,71153,71153,725000,1608000,1600,1596
330,71153,70230,725000,1608000,1599,1595
331,71153,71153,725000,1608000,1596,1596
332,71153,71153,725000,1608000,1603,1595
333,71153,71153,725000,1608000,1600,1595
334,71153,71153,725000,1608000,1596,1592
335,71153,71153,725000,1608000,1597,1592
336,71153,71153,725000,1608000,1591,1596
337,71153,71153,725000,1608000,1597,1593
338,71153,71153,725000,1608000,1595,1595
339,71153,71153,725000,1608000,1592,1595
340,71153,71153,725000,1608000,1603,1593
341,71153,71153,725000,1608000,1595,1596
342,71153,71153,725000,1608000,1594,1596
343,71153,71153,725000,1608000,1596,1595
344,71153,71153,725000,1608000,1593,1596
345,71153,71153,725000,1608000,1600,1595
346,71153,71153,725000,1608000,1600,1596
347,71153,71153,725000,1608000,1594,1595
348,71153,71153,725000,1608000,1606,1595
349,71153,71153,725000,1608000,1602,1596
350,72076,72076,725000,1608000,1595,1592
351,71153,71153,725000,1608000,1600,1595
352,71153,71153,725000,1608000,1598,1595
353,71153,71153,725000,1608000,1605,1593
354,71153,71153,725000,1608000,1591,1595
355,71153,71153,725000,1608000,1597,1595
356,71153,71153,725000,1608000,1591,1595
357,71153,71153,725000,1608000,1596,1595
358,71153,72076,725000,1608000,1583,1594
359,71153,71153,725000,1608000,1601,1593
360,71153,71153,725000,1608000,1596,1595
361,71153,71153,725000,1608000,1597,1595
362,71153,71153,725000,1608000,1603,1593
363,71153,71153,725000,1608000,1594,1595
364,71153,71153,725000,1608000,1601,1595
365,71153,72076,725000,1608000,1591,1595
366,72076,72076,725000,1608000,1596,1592
367,72076,72076,725000,1608000,1594,1596
368,72076,72076,725000,1608000,1591,1595
369,72076,72076,725000,1608000,1593,1593
370,71153,72076,725000,1608000,1596,1596
371,71153,72076,725000,1608000,1600,1596
372,71153,72076,725000,1608000,1601,1596
373,72076,72076,725000,1608000,1598,1594
374,71153,72076,725000,1608000,1594,1595
375,72076,72076,725000,1608000,1599,1595
376,72076,72076,725000,1608000,1593,1596
377,71153,72076,725000,1608000,1601,1595
378,72076,72076,725000,1608000,1591,1595
379,72076,72076,725000,1608000,1600,1595
380,72076,72076,725000,1608000,1601,1596
381,72076,72076,725000,1608000,1591,1594
382,71153,72076,725000,1608000,1594,1595
383,72076,73000,725000,1608000,1594,1592
384,73000,73000,725000,1608000,1590,1595
385,72076,72076,725000,1608000,1599,1595
386,72076,72076,725000,1608000,1594,1595
387,72076,72076,725000,1608000,1599,1595
388,72076,72076,725000,1608000,1593,1595
389,72076,72076,725000,1608000,1593,1596
390,72076,72076,725000,1608000,1602,1595
391,72076,72076,725000,1608000,1593,1596
392,72076,72076,725000,1608000,1600,1596
393,72076,72076,725000,1608000,1599,1595
394,72076,72076,725000,1608000,1594,1593
395,72076,73000,725000,1608000,1598,1596
396,73000,72076,725000,1608000,1590,1595
397,73000,72076,725000,1608000,1595,1595
398,72076,73000,725000,1608000,1596,1592
399,73000,73000,725000,1608000,1593,1592
400,72076,73000,725000,1608000,1602,1596
401,69307,70230,725000,1608000,1594,1599
402,68384,69307,725000,1608000,1592,1594
403,67461,67461,725000,1608000,1600,1598
404,67461,67461,725000,1608000,1590,1599
405,67461,67461,725000,1608000,1595,1598
406,66538,66538,725000,1608000,1594,1599
407,66538,66538,725000,1608000,1595,1598
408,66538,66538,725000,1608000,1603,1597
409,65615,65615,725000,1608000,1615,1603
410,65615,65615,725000,1608000,1593,1598
411,65615,65615,725000,1608000,1597,1598
412,65615,66538,725000,1608000,1588,1599
413,65615,65615,725000,1608000,1602,1599
414,64692,64692,725000,1608000,1616,1605
415,64692,64692,725000,1608000,1601,1599
416,65615,65615,725000,1608000,1596,1598
417,65615,65615,725000,1608000,1600,1595
418,64692,64692,725000,1608000,1604,1601
419,65615,65615,725000,1608000,1615,1599
420,65615,65615,725000,1608000,1606,1599
421,63769,63769,725000,1608000,1603,1601
422,64692,64692,725000,1608000,1601,1597
423,63769,64692,725000,1608000,1596,1599
424,63769,63769,725000,1608000,1594,1598
425,63769,63769,725000,1608000,1598,1605
426,63769,63769,725000,1608000,1589,1600
427,62846,62846,725000,1608000,1599,1598
428,61923,61923,725000,1608000,1600,1604
429,62846,61923,725000,1608000,1595,1598
430,61923,61923,725000,1608000,1605,1602
431,61923,61923,725000,1608000,1601,1599
432,61000,61000,725000,1608000,1606,1601
433,61000,61923,725000,1608000,1599,1596
434,60076,61000,725000,1608000,1598,1596
435,60076,60076,725000,1608000,1610,1603
436,60076,60076,725000,1608000,1592,1600
437,59153,59153,725000,1608000,1602,1599
438,59153,59153,725000,1608000,1601,1603
439,59153,59153,725000,1608000,1602,1601
440,58230,58230,725000,1608000,1604,1600
441,58230,58230,725000,1608000,1602,1602
442,58230,58230,725000,1608000,1596,1599
443,57307,57307,725000,1608000,1606,1600
444,57307,57307,725000,1608000,1601,1603
445,56384,56384,725000,1608000,1605,1600
446,56384,56384,725000,1608000,1600,1606
447,56384,56384,725000,1608000,1598,1600
448,55461,55461,725000,1608000,1606,1604
449,55461,55461,725000,1608000,1605,1600
450,55461,55461,725000,1608000,1598,1600
451,55461,55461,725000,1608000,1601,1597
452,54538,55461,725000,1608000,1604,1599
453,54538,54538,725000,1608000,1606,1600
454,54538,54538,725000,1608000,1596,1600
455,53615,54538,725000,1608000,1617,1606
456,53615,54538,725000,1608000,1617,1602
457,53615,53615,725000,1608000,1610,1600
458,53615,53615,725000,1608000,1599,1600
459,52692,52692,725000,1608000,1600,1600
460,53615,52692,725000,1608000,1579,1602
461,52692,53615,725000,1608000,1606,1603
462,51769,51769,725000,1608000,1612,1604
463,52692,52692,725000,1608000,1604,1600
464,51769,51769,725000,1608000,1604,1601
465,50846,51769,725000,1608000,1597,1601
466,50846,50846,725000,1608000,1604,1600
467,52692,52692,725000,1608000,1597,1600
468,51769,51769,725000,1608000,1599,1601
469,50846,51769,725000,1608000,1587,1602
470,50846,50846,725000,1608000,1599,1600
471,50846,50846,725000,1608000,1596,1602
472,50846,50846,725000,1608000,1589,1603
473,50846,50846,725000,1608000,1608,1602
474,50846,50846,725000,1608000,1596,1599
475,49923,49923,725000,1608000,1604,1601
476,49000,49000,725000,1608000,1625,1608
477,49923,49923,725000,1608000,1602,1600
478,49000,49000,725000,1608000,1596,1601
479,49000,49000,725000,1608000,1611,1604
480,49000,49000,725000,1608000,1602,1600
481,49000,49000,725000,1608000,1612,1604
482,49000,49000,725000,1608000,1610,1602
483,49923,50846,725000,1608000,1602,1600
484,49000,49000,725000,1608000,1607,1600
485,49000,49000,725000,1608000,1596,1600
486,49000,49000,725000,1608000,1608,1601
487,48076,48076,725000,1608000,1599,1600
488,48076,48076,725000,1608000,1599,1606
489,48076,49000,725000,1608000,1623,1606
490,47153,47153,725000,1608000,1609,1604
491,48076,48076,725000,1608000,1606,1603
492,47153,47153,725000,1608000,1602,1605
493,47153,48076,725000,1608000,1592,1602
494,47153,47153,725000,1608000,1601,1600
495,47153,47153,725000,1608000,1606,1600
496,47153,47153,725000,1608000,1601,1601
497,47153,48076,725000,1608000,1599,1597
498,46230,47153,725000,1608000,1602,1605
499,47153,47153,725000,1608000,1613,1606
500,46230,46230,725000,1608000,1602,1600
501,46230,46230,725000,1608000,1605,1601
502,46230,46230,725000,1608000,1597,1601
503,46230,47153,725000,1608000,1603,1601
504,45307,46230,725000,1608000,1614,1602
505,46230,46230,725000,1608000,1596,1605
506,46230,46230,725000,1608000,1598,1601
507,46230,46230,725000,1608000,1600,1600
508,45307,45307,725000,1608000,1603,1601
509,45307,45307,725000,1608000,1599,1601
510,45307,46230,725000,1608000,1591,1602
511,47153,48076,725000,1608000,1607,1600
512,45307,45307,725000,1608000,1608,1600
513,45307,45307,725000,1608000,1609,1601
514,45307,45307,725000,1608000,1604,1606
515,45307,45307,725000,1608000,1600,1601
516,45307,45307,725000,1608000,1609,1607
517,45307,44384,725000,1608000,1600,1604
518,45307,45307,725000,1608000,1597,1601
519,45307,45307,725000,1608000,1603,1601
520,45307,45307,725000,1608000,1600,1608
521,45307,45307,725000,1608000,1596,1601
522,44384,44384,725000,1608000,1600,1601
523,44384,44384,725000,1608000,1623,1607
524,44384,44384,725000,1608000,1601,1601
525,45307,46230,725000,1608000,1600,1601
526,45307,45307,725000,1608000,1606,1601
527,45307,45307,725000,1608000,1599,1607
528,44384,44384,725000,1608000,1607,1601
529,44384,44384,725000,1608000,1607,1601
530,44384,45307,725000,1608000,1608,1601
531,44384,44384,725000,1608000,1600,1601
532,43461,43461,725000,1608000,1605,1605
533,44384,44384,725000,1608000,1599,1601
534,43461,43461,725000,1608000,1608,1601
535,43461,43461,725000,1608000,1608,1605
536,43461,44384,725000,1608000,1617,1606
537,43461,43461,725000,1608000,1606,1610
538,44384,44384,725000,1608000,1602,1598
539,43461,43461,725000,1608000,1600,1605
