t,soc,big0,big1,little,center,gpu,npu,f_l,f_b0,f_b1,max_l,max_b0,max_b1,cd_l,cd_b0,cd_b1,fan
0.0,44384,44384,44384,44384,43461,42538,43461,1800000,2256000,2256000,1800000,2256000,2256000,0,0,0,0
1.0,44384,43461,43461,44384,43461,43461,43461,1800000,2256000,408000,1800000,2256000,2256000,0,0,0,0
2.1,43461,43461,43461,43461,43461,43461,43461,600000,408000,600000,1800000,2256000,2256000,0,0,0,0
3.2,43461,43461,43461,43461,43461,42538,43461,1800000,600000,2256000,1800000,2256000,2256000,0,0,0,0
4.2,43461,43461,43461,44384,43461,43461,43461,1800000,2256000,2256000,1800000,2256000,2256000,0,0,0,0
5.2,43461,43461,43461,44384,43461,43461,43461,1800000,2256000,408000,1800000,2256000,2256000,0,0,0,0
6.3,44384,44384,44384,44384,43461,43461,43461,1800000,2256000,408000,1800000,2256000,2256000,0,0,0,0
7.3,44384,44384,44384,44384,43461,43461,44384,1800000,2256000,2256000,1800000,2256000,2256000,0,0,0,0
8.3,44384,44384,44384,44384,43461,43461,44384,1800000,2256000,408000,1800000,2256000,2256000,0,0,0,0
9.4,44384,44384,44384,45307,43461,44384,44384,1800000,2256000,408000,1800000,2256000,2256000,0,0,0,0
10.4,48076,48076,49000,48076,45307,45307,46230,1800000,2256000,2256000,1800000,2256000,2256000,0,0,0,0
11.7,50846,50846,51769,50846,47153,47153,49000,1800000,2256000,2256000,1800000,2256000,2256000,0,0,0,0
12.9,51769,52692,52692,51769,49000,48076,49923,1800000,2256000,2256000,1800000,2256000,2256000,0,0,0,0
14.1,52692,53615,53615,52692,49000,49000,50846,1800000,2256000,2256000,1800000,2256000,2256000,0,0,0,0
15.4,53615,53615,54538,53615,49923,49923,51769,1800000,2256000,2256000,1800000,2256000,2256000,0,0,0,0
16.6,53615,54538,54538,53615,50846,49923,51769,1800000,2256000,2256000,1800000,2256000,2256000,0,0,0,0
17.9,54538,55461,54538,54538,50846,50846,52692,1800000,2256000,2256000,1800000,2256000,2256000,0,0,0,0
19.1,54538,55461,55461,54538,51769,50846,52692,1800000,2256000,2256000,1800000,2256000,2256000,0,0,0,0
20.3,55461,55461,56384,55461,51769,51769,53615,1800000,2256000,2256000,1800000,2256000,2256000,0,0,0,0
21.5,55461,56384,56384,55461,51769,51769,53615,1800000,2256000,2256000,1800000,2256000,2256000,0,0,0,0
22.8,56384,56384,56384,55461,52692,51769,53615,1800000,2256000,2256000,1800000,2256000,2256000,0,0,0,0
24.0,56384,56384,56384,56384,52692,52692,54538,1800000,2256000,2256000,1800000,2256000,2256000,0,0,0,0
25.2,56384,57307,57307,56384,53615,52692,54538,1800000,2256000,2256000,1800000,2256000,2256000,0,0,0,0
26.5,56384,57307,57307,56384,53615,52692,54538,1800000,2256000,2256000,1800000,2256000,2256000,0,0,0,0
27.8,57307,58230,58230,57307,53615,53615,55461,1800000,2256000,2256000,1800000,2256000,2256000,0,0,0,0
29.0,57307,58230,58230,57307,54538,53615,55461,1800000,2256000,2256000,1800000,2256000,2256000,0,0,0,0
30.3,57307,58230,58230,57307,54538,53615,55461,1800000,2256000,2256000,1800000,2256000,2256000,0,0,0,0
31.5,58230,58230,59153,58230,54538,54538,56384,1800000,2256000,2256000,1800000,2256000,2256000,0,0,0,0
32.8,58230,58230,59153,58230,54538,54538,56384,1800000,2256000,2256000,1800000,2256000,2256000,0,0,0,0
34.0,58230,59153,59153,58230,55461,54538,56384,1800000,2256000,2256000,1800000,2256000,2256000,0,0,0,0
35.2,58230,59153,59153,58230,55461,55461,56384,1800000,2256000,2256000,1800000,2256000,2256000,0,0,0,0
36.4,58230,59153,59153,58230,55461,55461,56384,1800000,2256000,2256000,1800000,2256000,2256000,0,0,0,0
37.6,59153,59153,60076,59153,55461,55461,57307,1800000,2256000,2256000,1800000,2256000,2256000,0,0,0,0
38.9,59153,59153,60076,59153,55461,55461,57307,1800000,2256000,2256000,1800000,2256000,2256000,0,0,0,0
40.1,59153,60076,60076,59153,56384,55461,57307,1800000,2256000,2256000,1800000,2256000,2256000,0,0,0,0
41.3,59153,60076,60076,59153,56384,55461,58230,1800000,2256000,2256000,1800000,2256000,2256000,0,0,0,0
42.6,60076,60076,60076,60076,56384,56384,58230,1800000,2256000,2256000,1800000,2256000,2256000,0,0,0,1
43.8,60076,61000,61000,60076,56384,56384,58230,1800000,2256000,2256000,1800000,2256000,2256000,0,0,0,1
45.1,60076,61000,61923,60076,56384,56384,58230,1800000,2256000,2256000,1800000,2256000,2256000,0,0,0,1
46.3,60076,61000,61000,60076,56384,56384,58230,1800000,2256000,2256000,1800000,2256000,2256000,0,0,0,1
47.5,60076,61000,61000,60076,57307,56384,58230,1800000,2256000,2256000,1800000,2256000,2256000,0,0,0,1
48.8,60076,61000,61000,60076,57307,57307,58230,1800000,2256000,2256000,1800000,2256000,2256000,0,0,0,1
50.0,60076,61000,61923,61000,57307,57307,58230,1800000,2256000,2256000,1800000,2256000,2256000,0,0,0,4
51.2,61000,61000,61923,61000,57307,57307,59153,1800000,2256000,2256000,1800000,2256000,2256000,0,0,0,4
52.5,61000,61923,61923,61000,58230,57307,59153,1800000,2256000,2256000,1800000,2256000,2256000,0,0,0,4
53.8,61000,61000,61923,61000,58230,57307,59153,1800000,2256000,2256000,1800000,2256000,2256000,0,0,0,4
55.0,61000,61923,61923,61000,58230,57307,59153,1800000,2256000,2256000,1800000,2256000,2256000,0,0,0,4
56.2,61000,61923,61923,61000,58230,57307,59153,1800000,2256000,2256000,1800000,2256000,2256000,0,0,0,4
57.5,61000,61923,61923,61000,58230,57307,59153,1800000,2256000,2256000,1800000,2256000,2256000,0,0,0,4
58.7,61000,61923,61923,61000,58230,57307,59153,1800000,2256000,2256000,1800000,2256000,2256000,0,0,0,4
59.9,61000,61923,61923,61000,58230,57307,59153,1800000,2256000,2256000,1800000,2256000,2256000,0,0,0,4
61.2,61000,61923,61923,61000,58230,57307,59153,1800000,2256000,2256000,1800000,2256000,2256000,0,0,0,4
62.4,61000,61923,61923,61000,58230,57307,59153,1800000,2256000,2256000,1800000,2256000,2256000,0,0,0,4
63.7,61000,61000,61923,61000,58230,57307,59153,1800000,2256000,2256000,1800000,2256000,2256000,0,0,0,4
64.9,61000,61923,61923,61000,58230,57307,59153,1800000,2256000,2256000,1800000,2256000,2256000,0,0,0,4
66.2,60076,61000,61000,60076,57307,57307,58230,1800000,2256000,2256000,1800000,2256000,2256000,0,0,0,4
67.4,60076,61000,61923,60076,57307,56384,58230,1800000,2256000,2256000,1800000,2256000,2256000,0,0,0,4
68.6,60076,61000,61923,60076,57307,57307,58230,1800000,2256000,2256000,1800000,2256000,2256000,0,0,0,4
69.8,60076,61000,61000,60076,57307,57307,59153,1800000,2256000,2256000,1800000,2256000,2256000,0,0,0,4
71.1,60076,61000,61000,60076,57307,57307,59153,1800000,2256000,2256000,1800000,2256000,2256000,0,0,0,4
72.4,60076,61923,61000,60076,57307,57307,59153,1800000,2256000,2256000,1800000,2256000,2256000,0,0,0,4
73.7,60076,61000,61000,60076,57307,57307,58230,1800000,2256000,2256000,1800000,2256000,2256000,0,0,0,4
74.9,60076,61923,61923,61000,57307,56384,58230,1800000,2256000,2256000,1800000,2256000,2256000,0,0,0,4
76.1,60076,61000,61000,60076,57307,57307,58230,1800000,2256000,2256000,1800000,2256000,2256000,0,0,0,4
77.4,60076,61000,61000,60076,57307,56384,58230,1800000,2256000,2256000,1800000,2256000,2256000,0,0,0,4
78.6,60076,60076,61000,60076,57307,56384,58230,1800000,2256000,2256000,1800000,2256000,2256000,0,0,0,4
79.8,60076,60076,61000,60076,56384,56384,58230,1800000,2256000,2256000,1800000,2256000,2256000,0,0,0,4
81.1,60076,61000,61000,60076,56384,56384,58230,1800000,2256000,2256000,1800000,2256000,2256000,0,0,0,4
82.3,60076,60076,60076,60076,56384,56384,58230,1800000,2256000,2256000,1800000,2256000,2256000,0,0,0,4
83.5,60076,60076,60076,60076,56384,56384,58230,1800000,2256000,2256000,1800000,2256000,2256000,0,0,0,4
84.8,60076,60076,60076,60076,56384,56384,58230,1800000,2256000,2256000,1800000,2256000,2256000,0,0,0,4
86.0,60076,60076,60076,60076,56384,56384,58230,1800000,2256000,2256000,1800000,2256000,2256000,0,0,0,4
87.2,60076,60076,60076,60076,56384,56384,58230,1800000,2256000,2256000,1800000,2256000,2256000,0,0,0,4
88.5,60076,60076,60076,60076,56384,56384,58230,1800000,2256000,2256000,1800000,2256000,2256000,0,0,0,3
89.7,59153,60076,60076,60076,56384,56384,58230,1800000,2256000,2256000,1800000,2256000,2256000,0,0,0,4
90.9,60076,60076,61000,60076,56384,56384,58230,1800000,2256000,2256000,1800000,2256000,2256000,0,0,0,4
92.2,60076,60076,60076,60076,56384,56384,58230,1800000,2256000,2256000,1800000,2256000,2256000,0,0,0,4
93.4,59153,60076,60076,60076,56384,56384,58230,1800000,2256000,2256000,1800000,2256000,2256000,0,0,0,4
94.6,59153,60076,60076,59153,56384,56384,58230,1800000,2256000,2256000,1800000,2256000,2256000,0,0,0,3
95.8,59153,60076,60076,59153,56384,56384,58230,1800000,2256000,2256000,1800000,2256000,2256000,0,0,0,3
97.1,59153,60076,60076,60076,56384,56384,57307,1800000,2256000,2256000,1800000,2256000,2256000,0,0,0,3
98.3,60076,60076,61000,60076,56384,56384,57307,1800000,2256000,2256000,1800000,2256000,2256000,0,0,0,4
99.6,59153,60076,60076,60076,56384,56384,58230,1800000,2256000,2256000,1800000,2256000,2256000,0,0,0,4
100.9,59153,60076,60076,60076,56384,56384,57307,1800000,2256000,2256000,1800000,2256000,2256000,0,0,0,4
102.1,60076,60076,60076,60076,56384,56384,58230,1800000,2256000,2256000,1800000,2256000,2256000,0,0,0,4
103.3,60076,60076,60076,60076,56384,56384,58230,1800000,2256000,2256000,1800000,2256000,2256000,0,0,0,3
104.5,60076,60076,60076,60076,56384,56384,58230,1800000,2256000,2256000,1800000,2256000,2256000,0,0,0,4
105.8,60076,60076,60076,60076,56384,56384,58230,1800000,2256000,2256000,1800000,2256000,2256000,0,0,0,4
107.1,60076,60076,60076,60076,56384,56384,58230,1800000,2256000,2256000,1800000,2256000,2256000,0,0,0,4
108.4,60076,60076,60076,60076,56384,56384,58230,1800000,2256000,2256000,1800000,2256000,2256000,0,0,0,4
109.6,60076,60076,60076,59153,56384,56384,58230,1800000,2256000,2256000,1800000,2256000,2256000,0,0,0,4
110.8,60076,60076,60076,60076,56384,56384,58230,1800000,2256000,2256000,1800000,2256000,2256000,0,0,0,4
112.0,60076,60076,60076,60076,56384,56384,58230,1800000,2256000,2256000,1800000,2256000,2256000,0,0,0,4
113.3,60076,60076,60076,60076,56384,56384,58230,1800000,2256000,2256000,1800000,2256000,2256000,0,0,0,3
114.6,59153,60076,60076,60076,56384,56384,58230,1800000,2256000,2256000,1800000,2256000,2256000,0,0,0,4
115.8,59153,60076,60076,60076,56384,56384,58230,1800000,2256000,2256000,1800000,2256000,2256000,0,0,0,4
117.0,59153,60076,60076,60076,56384,56384,57307,1800000,2256000,2256000,1800000,2256000,2256000,0,0,0,4
118.3,59153,60076,60076,60076,56384,56384,58230,1800000,2256000,2256000,1800000,2256000,2256000,0,0,0,3
119.5,59153,60076,60076,59153,56384,56384,58230,1800000,2256000,2256000,1800000,2256000,2256000,0,0,0,3
120.7,59153,60076,60076,60076,56384,56384,57307,1800000,2256000,2256000,1800000,2256000,2256000,0,0,0,4
121.9,60076,60076,60076,59153,56384,55461,57307,1800000,2256000,2256000,1800000,2256000,2256000,0,0,0,3
123.3,60076,60076,60076,59153,56384,56384,58230,1800000,2256000,2256000,1800000,2256000,2256000,0,0,0,3
124.5,60076,61000,61000,60076,56384,56384,58230,1800000,2256000,2256000,1800000,2256000,2256000,0,0,0,4
125.8,60076,60076,61000,60076,56384,56384,58230,1800000,2256000,2256000,1800000,2256000,2256000,0,0,0,4
127.1,59153,60076,60076,60076,56384,56384,58230,1800000,2256000,2256000,1800000,2256000,2256000,0,0,0,4
128.3,59153,60076,60076,60076,56384,56384,58230,1800000,2256000,2256000,1800000,2256000,2256000,0,0,0,4
129.6,60076,60076,60076,60076,56384,56384,58230,1800000,2256000,2256000,1800000,2256000,2256000,0,0,0,4
130.8,60076,60076,60076,60076,56384,56384,58230,1800000,2256000,2256000,1800000,2256000,2256000,0,0,0,4
132.0,60076,60076,60076,59153,56384,56384,57307,1800000,2256000,2256000,1800000,2256000,2256000,0,0,0,3
133.2,60076,60076,60076,60076,56384,56384,58230,1800000,2256000,2256000,1800000,2256000,2256000,0,0,0,4
134.6,59153,60076,60076,60076,56384,56384,58230,1800000,2256000,2256000,1800000,2256000,2256000,0,0,0,4
135.8,59153,60076,60076,60076,56384,56384,57307,1800000,2256000,2256000,1800000,2256000,2256000,0,0,0,4
137.0,59153,60076,60076,60076,56384,56384,58230,1800000,2256000,2256000,1800000,2256000,2256000,0,0,0,4
138.2,60076,60076,60076,60076,56384,56384,58230,1800000,2256000,2256000,1800000,2256000,2256000,0,0,0,3
139.4,59153,60076,60076,60076,56384,56384,58230,1800000,2256000,2256000,1800000,2256000,2256000,0,0,0,4
140.7,60076,60076,61000,60076,56384,56384,58230,1800000,2256000,2256000,1800000,2256000,2256000,0,0,0,4
141.9,60076,60076,60076,60076,56384,56384,57307,1800000,2256000,2256000,1800000,2256000,2256000,0,0,0,4
143.2,59153,60076,60076,60076,56384,56384,58230,1800000,2256000,2256000,1800000,2256000,2256000,0,0,0,4
144.4,60076,60076,60076,59153,56384,56384,58230,1800000,2256000,2256000,1800000,2256000,2256000,0,0,0,3
145.6,60076,60076,60076,60076,56384,56384,58230,1800000,2256000,2256000,1800000,2256000,2256000,0,0,0,4
146.9,60076,60076,60076,60076,56384,56384,58230,1800000,2256000,2256000,1800000,2256000,2256000,0,0,0,4
148.1,60076,60076,60076,60076,56384,56384,58230,1800000,2256000,2256000,1800000,2256000,2256000,0,0,0,4
149.4,59153,60076,60076,60076,56384,56384,58230,1800000,2256000,2256000,1800000,2256000,2256000,0,0,0,3
150.6,60076,60076,60076,60076,56384,56384,58230,1800000,2256000,2256000,1800000,2256000,2256000,0,0,0,4
151.8,59153,60076,60076,59153,56384,56384,58230,1800000,2256000,2256000,1800000,2256000,2256000,0,0,0,3
153.0,60076,60076,60076,60076,56384,56384,58230,1800000,2256000,2256000,1800000,2256000,2256000,0,0,0,3
154.3,60076,60076,60076,60076,56384,56384,58230,1800000,2256000,2256000,1800000,2256000,2256000,0,0,0,4
155.6,60076,60076,60076,60076,56384,56384,58230,1800000,2256000,2256000,1800000,2256000,2256000,0,0,0,4
156.8,60076,60076,61000,60076,56384,56384,58230,1800000,2256000,2256000,1800000,2256000,2256000,0,0,0,4
158.1,60076,60076,61000,60076,56384,56384,58230,1800000,2256000,2256000,1800000,2256000,2256000,0,0,0,4
159.3,60076,60076,60076,60076,56384,56384,58230,1800000,2256000,2256000,1800000,2256000,2256000,0,0,0,4
160.5,60076,60076,60076,60076,56384,56384,57307,1800000,2256000,2256000,1800000,2256000,2256000,0,0,0,4
161.8,60076,60076,60076,60076,56384,56384,58230,1800000,2256000,2256000,1800000,2256000,2256000,0,0,0,3
163.0,59153,60076,60076,59153,56384,56384,58230,1800000,2256000,2256000,1800000,2256000,2256000,0,0,0,3
164.2,59153,60076,60076,60076,56384,56384,58230,1800000,2256000,2256000,1800000,2256000,2256000,0,0,0,3
165.5,59153,60076,60076,59153,56384,56384,58230,1800000,2256000,2256000,1800000,2256000,2256000,0,0,0,4
166.7,59153,60076,60076,60076,56384,56384,58230,1800000,2256000,2256000,1800000,2256000,2256000,0,0,0,3
167.9,59153,60076,60076,60076,56384,56384,58230,1800000,2256000,2256000,1800000,2256000,2256000,0,0,0,4
169.2,59153,60076,60076,60076,56384,56384,58230,1800000,2256000,2256000,1800000,2256000,2256000,0,0,0,3
170.4,60076,60076,60076,60076,56384,56384,58230,1800000,2256000,2256000,1800000,2256000,2256000,0,0,0,3
171.6,59153,60076,60076,60076,56384,56384,58230,1800000,2256000,2256000,1800000,2256000,2256000,0,0,0,4
172.9,59153,60076,60076,60076,56384,56384,58230,1800000,2256000,2256000,1800000,2256000,2256000,0,0,0,4
174.1,60076,60076,61000,60076,56384,56384,58230,1800000,2256000,2256000,1800000,2256000,2256000,0,0,0,4
175.4,59153,60076,60076,60076,56384,56384,58230,1800000,2256000,2256000,1800000,2256000,2256000,0,0,0,3
176.6,60076,60076,60076,60076,56384,56384,58230,1800000,2256000,2256000,1800000,2256000,2256000,0,0,0,4
177.8,60076,60076,60076,59153,56384,56384,58230,1800000,2256000,2256000,1800000,2256000,2256000,0,0,0,4
179.1,60076,60076,60076,60076,56384,56384,58230,1800000,2256000,2256000,1800000,2256000,2256000,0,0,0,3
180.3,60076,60076,60076,60076,56384,56384,57307,1800000,2256000,2256000,1800000,2256000,2256000,0,0,0,3
181.6,60076,60076,60076,60076,56384,56384,58230,1800000,2256000,2256000,1800000,2256000,2256000,0,0,0,4
182.8,60076,60076,60076,60076,56384,56384,58230,1800000,2256000,2256000,1800000,2256000,2256000,0,0,0,3
184.1,60076,60076,60076,59153,56384,56384,58230,1800000,2256000,2256000,1800000,2256000,2256000,0,0,0,3
185.3,60076,60076,60076,60076,56384,56384,58230,1800000,2256000,2256000,1800000,2256000,2256000,0,0,0,4
186.5,59153,60076,60076,59153,56384,56384,58230,1800000,2256000,2256000,1800000,2256000,2256000,0,0,0,4
187.8,60076,60076,60076,60076,56384,56384,58230,1800000,2256000,2256000,1800000,2256000,2256000,0,0,0,4
189.1,60076,60076,60076,60076,56384,56384,58230,1800000,2256000,2256000,1800000,2256000,2256000,0,0,0,4
190.3,60076,60076,60076,60076,56384,56384,58230,1800000,2256000,2256000,1800000,2256000,2256000,0,0,0,3
191.5,60076,61000,61000,60076,57307,56384,58230,1800000,2256000,2256000,1800000,2256000,2256000,0,0,0,4
192.8,60076,60076,61000,60076,56384,56384,58230,1800000,2256000,2256000,1800000,2256000,2256000,0,0,0,4
194.0,60076,60076,60076,60076,56384,56384,58230,1800000,2256000,2256000,1800000,2256000,2256000,0,0,0,4
195.2,60076,61000,60076,60076,56384,56384,58230,1800000,2256000,2256000,1800000,2256000,2256000,0,0,0,4
196.5,60076,60076,60076,60076,56384,56384,58230,1800000,2256000,2256000,1800000,2256000,2256000,0,0,0,4
197.7,60076,60076,60076,60076,56384,56384,58230,1800000,2256000,2256000,1800000,2256000,2256000,0,0,0,4
198.9,59153,60076,60076,60076,56384,56384,58230,1800000,2256000,2256000,1800000,2256000,2256000,0,0,0,4
200.2,60076,60076,60076,59153,56384,56384,58230,1800000,2256000,2256000,1800000,2256000,2256000,0,0,0,4
201.4,59153,60076,60076,59153,56384,56384,58230,1800000,2256000,2256000,1800000,2256000,2256000,0,0,0,4
202.6,59153,60076,60076,60076,56384,56384,58230,1800000,2256000,2256000,1800000,2256000,2256000,0,0,0,3
203.9,59153,60076,60076,59153,56384,56384,58230,1800000,2256000,2256000,1800000,2256000,2256000,0,0,0,3
205.1,60076,60076,60076,59153,56384,56384,58230,1800000,2256000,2256000,1800000,2256000,2256000,0,0,0,4
206.3,59153,60076,60076,60076,56384,56384,58230,1800000,2256000,2256000,1800000,2256000,2256000,0,0,0,4
207.6,60076,60076,60076,60076,56384,56384,57307,1800000,2256000,2256000,1800000,2256000,2256000,0,0,0,4
208.8,60076,60076,61000,60076,56384,56384,58230,1800000,2256000,2256000,1800000,2256000,2256000,0,0,0,4
210.1,60076,60076,60076,60076,56384,56384,58230,1800000,2256000,2256000,1800000,2256000,2256000,0,0,0,4
211.4,59153,60076,60076,60076,56384,56384,58230,1800000,2256000,2256000,1800000,2256000,2256000,0,0,0,3
212.6,60076,60076,60076,60076,56384,56384,58230,1800000,2256000,2256000,1800000,2256000,2256000,0,0,0,4
213.8,60076,60076,60076,60076,56384,56384,58230,1800000,2256000,2256000,1800000,2256000,2256000,0,0,0,4
215.1,60076,60076,60076,59153,56384,56384,58230,1800000,2256000,2256000,1800000,2256000,2256000,0,0,0,4
216.4,60076,60076,60076,60076,56384,56384,58230,1800000,2256000,2256000,1800000,2256000,2256000,0,0,0,4
217.6,59153,60076,60076,59153,56384,56384,58230,1800000,2256000,2256000,1800000,2256000,2256000,0,0,0,4
218.9,59153,60076,60076,60076,56384,56384,58230,1800000,2256000,2256000,1800000,2256000,2256000,0,0,0,4
220.1,60076,60076,60076,60076,56384,56384,57307,1800000,2256000,2256000,1800000,2256000,2256000,0,0,0,3
221.3,59153,60076,60076,59153,56384,56384,57307,1800000,2256000,2256000,1800000,2256000,2256000,0,0,0,4
222.6,59153,60076,60076,60076,56384,56384,57307,1800000,2256000,2256000,1800000,2256000,2256000,0,0,0,3
223.8,59153,60076,60076,59153,56384,56384,58230,1800000,2256000,2256000,1800000,2256000,2256000,0,0,0,3
225.1,60076,60076,60076,60076,56384,56384,58230,1800000,2256000,2256000,1800000,2256000,2256000,0,0,0,3
226.3,60076,60076,61000,60076,56384,56384,58230,1800000,2256000,2256000,1800000,2256000,2256000,0,0,0,4
227.6,60076,60076,60076,60076,56384,56384,58230,1800000,2256000,2256000,1800000,2256000,2256000,0,0,0,4
228.8,60076,61000,60076,60076,56384,56384,58230,1800000,2256000,2256000,1800000,2256000,2256000,0,0,0,4
230.1,60076,60076,60076,60076,56384,56384,58230,1800000,2256000,2256000,1800000,2256000,2256000,0,0,0,4
231.4,59153,60076,60076,60076,56384,56384,58230,1800000,2256000,2256000,1800000,2256000,2256000,0,0,0,4
232.6,60076,60076,60076,60076,56384,56384,58230,1800000,2256000,2256000,1800000,2256000,2256000,0,0,0,4
233.8,60076,60076,60076,60076,56384,56384,58230,1800000,2256000,2256000,1800000,2256000,2256000,0,0,0,3
235.0,60076,60076,60076,60076,56384,56384,58230,1800000,2256000,2256000,1800000,2256000,2256000,0,0,0,4
236.3,60076,60076,60076,60076,56384,56384,58230,1800000,2256000,2256000,1800000,2256000,2256000,0,0,0,4
237.5,60076,60076,60076,60076,56384,56384,58230,1800000,2256000,2256000,1800000,2256000,2256000,0,0,0,4
238.7,59153,60076,60076,60076,56384,56384,58230,1800000,2256000,2256000,1800000,2256000,2256000,0,0,0,3
239.9,60076,60076,60076,60076,56384,56384,58230,1800000,2256000,2256000,1800000,2256000,2256000,0,0,0,4
241.1,60076,60076,61000,60076,56384,56384,58230,1800000,2256000,2256000,1800000,2256000,2256000,0,0,0,4
242.4,60076,60076,60076,60076,56384,56384,58230,1800000,2256000,2256000,1800000,2256000,2256000,0,0,0,4
243.6,60076,60076,60076,60076,56384,56384,58230,1800000,2256000,2256000,1800000,2256000,2256000,0,0,0,4
244.8,60076,60076,60076,60076,56384,56384,58230,1800000,2256000,2256000,1800000,2256000,2256000,0,0,0,3
246.1,60076,60076,60076,60076,56384,56384,58230,1800000,2256000,2256000,1800000,2256000,2256000,0,0,0,3
247.3,59153,60076,60076,60076,56384,56384,58230,1800000,2256000,2256000,1800000,2256000,2256000,0,0,0,4
248.5,60076,60076,60076,59153,56384,56384,58230,1800000,2256000,2256000,1800000,2256000,2256000,0,0,0,3
249.8,59153,60076,60076,59153,56384,56384,58230,1800000,2256000,2256000,1800000,2256000,2256000,0,0,0,4
251.0,59153,60076,60076,60076,56384,56384,58230,1800000,2256000,2256000,1800000,2256000,2256000,0,0,0,4
252.3,59153,60076,60076,60076,56384,56384,58230,1800000,2256000,2256000,1800000,2256000,2256000,0,0,0,4
253.5,59153,60076,60076,60076,56384,56384,58230,1800000,2256000,2256000,1800000,2256000,2256000,0,0,0,4
254.7,60076,60076,60076,59153,56384,56384,58230,1800000,2256000,2256000,1800000,2256000,2256000,0,0,0,3
255.9,59153,60076,60076,59153,56384,56384,58230,1800000,2256000,2256000,1800000,2256000,2256000,0,0,0,4
257.1,59153,60076,60076,60076,56384,56384,58230,1800000,2256000,2256000,1800000,2256000,2256000,0,0,0,4
258.4,60076,60076,61000,60076,56384,56384,58230,1800000,2256000,2256000,1800000,2256000,2256000,0,0,0,4
259.7,60076,61000,61000,60076,56384,56384,58230,1800000,2256000,2256000,1800000,2256000,2256000,0,0,0,4
260.9,60076,60076,60076,60076,56384,56384,58230,1800000,2256000,2256000,1800000,2256000,2256000,0,0,0,4
262.2,60076,60076,60076,60076,56384,56384,58230,1800000,2256000,2256000,1800000,2256000,2256000,0,0,0,4
263.4,60076,60076,60076,60076,56384,56384,58230,1800000,2256000,2256000,1800000,2256000,2256000,0,0,0,4
264.6,60076,60076,60076,60076,56384,56384,58230,1800000,2256000,2256000,1800000,2256000,2256000,0,0,0,4
265.8,59153,60076,60076,60076,56384,56384,58230,1800000,2256000,2256000,1800000,2256000,2256000,0,0,0,4
267.1,59153,60076,60076,60076,56384,56384,58230,1800000,2256000,2256000,1800000,2256000,2256000,0,0,0,4
268.3,60076,60076,60076,60076,56384,56384,58230,1800000,2256000,2256000,1800000,2256000,2256000,0,0,0,4
269.6,59153,60076,60076,60076,56384,56384,58230,1800000,2256000,2256000,1800000,2256000,2256000,0,0,0,4
270.8,60076,60076,60076,60076,56384,56384,58230,1800000,2256000,2256000,1800000,2256000,2256000,0,0,0,4
272.0,60076,60076,60076,60076,56384,56384,58230,1800000,2256000,2256000,1800000,2256000,2256000,0,0,0,4
273.3,59153,60076,60076,60076,56384,56384,58230,1800000,2256000,2256000,1800000,2256000,2256000,0,0,0,3
274.5,60076,60076,60076,60076,56384,56384,58230,1800000,2256000,2256000,1800000,2256000,2256000,0,0,0,4
275.7,60076,60076,61000,60076,56384,56384,58230,1800000,2256000,2256000,1800000,2256000,2256000,0,0,0,4
277.1,60076,61000,61000,60076,56384,56384,58230,1800000,2256000,2256000,1800000,2256000,2256000,0,0,0,4
278.4,60076,60076,60076,60076,56384,56384,58230,1800000,2256000,2256000,1800000,2256000,2256000,0,0,0,3
279.6,60076,60076,60076,60076,56384,56384,58230,1800000,2256000,2256000,1800000,2256000,2256000,0,0,0,3
280.8,60076,60076,60076,60076,56384,56384,58230,1800000,2256000,2256000,1800000,2256000,2256000,0,0,0,4
282.1,60076,60076,60076,60076,56384,56384,58230,1800000,2256000,2256000,1800000,2256000,2256000,0,0,0,4
283.3,60076,60076,60076,60076,56384,56384,58230,1800000,2256000,2256000,1800000,2256000,2256000,0,0,0,3
284.6,59153,60076,60076,59153,56384,56384,58230,1800000,2256000,2256000,1800000,2256000,2256000,0,0,0,3
285.8,60076,60076,60076,59153,56384,56384,58230,1800000,2256000,2256000,1800000,2256000,2256000,0,0,0,3
287.1,59153,60076,60076,60076,56384,56384,58230,1800000,2256000,2256000,1800000,2256000,2256000,0,0,0,4
288.3,59153,60076,60076,60076,56384,56384,58230,1800000,2256000,2256000,1800000,2256000,2256000,0,0,0,4
289.5,60076,60076,60076,60076,56384,56384,58230,1800000,2256000,2256000,1800000,2256000,2256000,0,0,0,4
290.8,60076,60076,60076,60076,56384,56384,58230,1800000,2256000,2256000,1800000,2256000,2256000,0,0,0,4
292.0,60076,60076,61000,60076,56384,56384,58230,1800000,2256000,2256000,1800000,2256000,2256000,0,0,0,4
293.3,60076,61000,61000,60076,56384,56384,58230,1800000,2256000,2256000,1800000,2256000,2256000,0,0,0,4
294.5,59153,60076,60076,60076,56384,56384,58230,1800000,2256000,2256000,1800000,2256000,2256000,0,0,0,4
295.8,60076,60076,60076,60076,56384,56384,58230,1800000,2256000,2256000,1800000,2256000,2256000,0,0,0,4
297.0,59153,60076,60076,59153,56384,56384,58230,1800000,2256000,2256000,1800000,2256000,2256000,0,0,0,4
298.2,59153,60076,60076,59153,56384,56384,58230,1800000,2256000,2256000,1800000,2256000,2256000,0,0,0,4
299.5,60076,60076,60076,59153,56384,56384,58230,1800000,2256000,2256000,1800000,2256000,2256000,0,0,0,3
300.7,59153,60076,60076,59153,56384,56384,58230,1800000,2256000,2256000,1800000,2256000,2256000,0,0,0,3
301.9,60076,60076,60076,60076,56384,56384,58230,1800000,2256000,2256000,1800000,2256000,2256000,0,0,0,3
303.2,60076,60076,60076,60076,56384,56384,58230,1800000,2256000,2256000,1800000,2256000,2256000,0,0,0,4
304.4,60076,60076,60076,59153,56384,56384,58230,1800000,2256000,2256000,1800000,2256000,2256000,0,0,0,3
305.7,59153,60076,60076,60076,56384,56384,58230,1800000,2256000,2256000,1800000,2256000,2256000,0,0,0,3
306.9,59153,60076,61000,60076,56384,56384,58230,1800000,2256000,2256000,1800000,2256000,2256000,0,0,0,4
308.1,60076,60076,60076,60076,56384,56384,58230,1800000,2256000,2256000,1800000,2256000,2256000,0,0,0,4
309.4,60076,61000,61000,60076,56384,56384,58230,1800000,2256000,2256000,1800000,2256000,2256000,0,0,0,4
310.6,60076,60076,60076,60076,56384,56384,58230,1800000,2256000,2256000,1800000,2256000,2256000,0,0,0,4
311.8,60076,60076,61000,60076,56384,56384,58230,1800000,2256000,2256000,1800000,2256000,2256000,0,0,0,4
313.1,60076,60076,60076,60076,56384,56384,58230,1800000,2256000,2256000,1800000,2256000,2256000,0,0,0,4
314.3,60076,60076,60076,60076,56384,56384,58230,1800000,2256000,2256000,1800000,2256000,2256000,0,0,0,3
315.7,59153,60076,60076,60076,56384,56384,58230,1800000,2256000,2256000,1800000,2256000,2256000,0,0,0,3
316.9,59153,60076,60076,60076,56384,56384,58230,1800000,2256000,2256000,1800000,2256000,2256000,0,0,0,3
318.1,60076,60076,60076,60076,56384,56384,58230,1800000,2256000,2256000,1800000,2256000,2256000,0,0,0,4
319.3,60076,60076,60076,60076,56384,56384,58230,1800000,2256000,2256000,1800000,2256000,2256000,0,0,0,3
320.6,59153,60076,60076,59153,56384,56384,58230,1800000,2256000,2256000,1800000,2256000,2256000,0,0,0,4
321.8,59153,60076,60076,60076,56384,56384,57307,1800000,2256000,2256000,1800000,2256000,2256000,0,0,0,3
323.0,60076,60076,60076,60076,56384,56384,58230,1800000,2256000,2256000,1800000,2256000,2256000,0,0,0,3
324.3,60076,61000,61000,60076,56384,56384,58230,1800000,2256000,2256000,1800000,2256000,2256000,0,0,0,4
325.5,60076,60076,60076,60076,56384,56384,58230,1800000,2256000,2256000,1800000,2256000,2256000,0,0,0,4
326.8,60076,60076,60076,60076,56384,56384,58230,1800000,2256000,2256000,1800000,2256000,2256000,0,0,0,4
328.0,60076,60076,60076,60076,56384,56384,58230,1800000,2256000,2256000,1800000,2256000,2256000,0,0,0,4
329.2,60076,60076,60076,60076,56384,56384,57307,1800000,2256000,2256000,1800000,2256000,2256000,0,0,0,4
330.4,60076,60076,60076,60076,56384,56384,58230,1800000,2256000,2256000,1800000,2256000,2256000,0,0,0,4
331.6,60076,60076,60076,60076,56384,56384,58230,1800000,2256000,2256000,1800000,2256000,2256000,0,0,0,4
332.9,59153,60076,60076,59153,56384,56384,58230,1800000,2256000,2256000,1800000,2256000,2256000,0,0,0,4
334.1,60076,60076,60076,60076,56384,56384,58230,1800000,2256000,2256000,1800000,2256000,2256000,0,0,0,3
335.3,59153,60076,60076,59153,56384,56384,57307,1800000,2256000,2256000,1800000,2256000,2256000,0,0,0,3
336.6,59153,60076,60076,59153,56384,56384,58230,1800000,2256000,2256000,1800000,2256000,2256000,0,0,0,4
337.8,59153,60076,60076,60076,56384,56384,57307,1800000,2256000,2256000,1800000,2256000,2256000,0,0,0,4
339.0,59153,60076,60076,60076,56384,56384,58230,1800000,2256000,2256000,1800000,2256000,2256000,0,0,0,3
340.3,60076,61000,61000,60076,56384,56384,58230,1800000,2256000,2256000,1800000,2256000,2256000,0,0,0,4
341.5,60076,60076,60076,60076,56384,56384,58230,1800000,2256000,2256000,1800000,2256000,2256000,0,0,0,4
342.7,59153,60076,60076,60076,56384,56384,58230,1800000,2256000,2256000,1800000,2256000,2256000,0,0,0,4
343.9,60076,60076,60076,60076,56384,56384,58230,1800000,2256000,2256000,1800000,2256000,2256000,0,0,0,4
345.2,59153,60076,60076,59153,56384,56384,57307,1800000,2256000,2256000,1800000,2256000,2256000,0,0,0,3
346.4,59153,60076,60076,60076,56384,56384,58230,1800000,2256000,2256000,1800000,2256000,2256000,0,0,0,4
347.6,60076,60076,60076,60076,56384,56384,58230,1800000,2256000,2256000,1800000,2256000,2256000,0,0,0,4
348.9,59153,60076,60076,60076,56384,56384,58230,1800000,2256000,2256000,1800000,2256000,2256000,0,0,0,4
350.1,59153,60076,60076,60076,56384,56384,57307,1800000,2256000,2256000,1800000,2256000,2256000,0,0,0,3
351.3,59153,60076,60076,60076,56384,56384,58230,1800000,2256000,2256000,1800000,2256000,2256000,0,0,0,4
352.6,60076,60076,60076,60076,56384,56384,58230,1800000,2256000,2256000,1800000,2256000,2256000,0,0,0,3
353.9,59153,60076,60076,59153,56384,56384,58230,1800000,2256000,2256000,1800000,2256000,2256000,0,0,0,4
355.1,59153,60076,60076,60076,56384,56384,58230,1800000,2256000,2256000,1800000,2256000,2256000,0,0,0,4
356.3,60076,61000,61000,60076,56384,56384,58230,1800000,2256000,2256000,1800000,2256000,2256000,0,0,0,4
357.6,60076,60076,60076,60076,56384,56384,58230,1800000,2256000,2256000,1800000,2256000,2256000,0,0,0,4
358.8,60076,60076,60076,60076,56384,56384,58230,1800000,2256000,2256000,1800000,2256000,2256000,0,0,0,3
360.2,60076,60076,60076,60076,56384,56384,58230,1800000,2256000,2256000,1800000,2256000,2256000,0,0,0,4
361.4,59153,60076,60076,59153,56384,56384,58230,1800000,2256000,2256000,1800000,2256000,2256000,0,0,0,3
362.6,59153,60076,60076,60076,56384,56384,58230,1800000,2256000,2256000,1800000,2256000,2256000,0,0,0,4
363.8,59153,60076,60076,60076,56384,56384,58230,1800000,2256000,2256000,1800000,2256000,2256000,0,0,0,4
365.2,59153,60076,60076,60076,56384,56384,58230,1800000,2256000,2256000,1800000,2256000,2256000,0,0,0,3
366.4,60076,60076,60076,59153,56384,56384,58230,1800000,2256000,2256000,1800000,2256000,2256000,0,0,0,3
367.6,59153,60076,60076,60076,56384,56384,58230,1800000,2256000,2256000,1800000,2256000,2256000,0,0,0,4
368.9,59153,60076,60076,60076,56384,56384,58230,1800000,2256000,2256000,1800000,2256000,2256000,0,0,0,4
370.1,60076,60076,60076,60076,56384,56384,58230,1800000,2256000,2256000,1800000,2256000,2256000,0,0,0,3
371.3,60076,61000,61000,60076,56384,56384,58230,1800000,2256000,2256000,1800000,2256000,2256000,0,0,0,4
372.6,60076,60076,60076,60076,56384,56384,58230,1800000,2256000,2256000,1800000,2256000,2256000,0,0,0,4
373.8,60076,60076,60076,60076,56384,56384,58230,1800000,2256000,2256000,1800000,2256000,2256000,0,0,0,4
375.1,60076,60076,60076,60076,56384,56384,58230,1800000,2256000,2256000,1800000,2256000,2256000,0,0,0,4
376.3,59153,60076,60076,60076,56384,56384,58230,1800000,2256000,2256000,1800000,2256000,2256000,0,0,0,3
377.5,60076,60076,60076,60076,56384,56384,58230,1800000,2256000,2256000,1800000,2256000,2256000,0,0,0,4
378.8,60076,60076,60076,60076,56384,56384,58230,1800000,2256000,2256000,1800000,2256000,2256000,0,0,0,4
380.0,60076,60076,60076,60076,56384,56384,58230,1800000,2256000,2256000,1800000,2256000,2256000,0,0,0,4
381.2,59153,60076,60076,60076,56384,56384,58230,1800000,2256000,2256000,1800000,2256000,2256000,0,0,0,4
382.4,60076,60076,60076,59153,56384,56384,58230,1800000,2256000,2256000,1800000,2256000,2256000,0,0,0,4
383.7,59153,60076,60076,59153,56384,56384,58230,1800000,2256000,2256000,1800000,2256000,2256000,0,0,0,3
384.9,60076,60076,60076,59153,56384,56384,57307,1800000,2256000,2256000,1800000,2256000,2256000,0,0,0,3
386.1,60076,61000,61000,60076,56384,56384,58230,1800000,2256000,2256000,1800000,2256000,2256000,0,0,0,4
387.4,60076,61000,61000,60076,56384,56384,58230,1800000,2256000,2256000,1800000,2256000,2256000,0,0,0,4
388.6,60076,60076,60076,59153,56384,56384,58230,1800000,2256000,2256000,1800000,2256000,2256000,0,0,0,4
389.9,60076,60076,60076,59153,56384,56384,57307,1800000,2256000,2256000,1800000,2256000,2256000,0,0,0,4
391.1,60076,60076,60076,60076,56384,56384,58230,1800000,2256000,2256000,1800000,2256000,2256000,0,0,0,4
392.3,59153,60076,60076,60076,56384,56384,58230,1800000,2256000,2256000,1800000,2256000,2256000,0,0,0,4
393.6,60076,60076,60076,59153,56384,56384,58230,1800000,2256000,2256000,1800000,2256000,2256000,0,0,0,4
394.8,60076,60076,60076,60076,56384,56384,57307,1800000,2256000,2256000,1800000,2256000,2256000,0,0,0,3
396.0,59153,60076,60076,60076,56384,56384,58230,1800000,2256000,2256000,1800000,2256000,2256000,0,0,0,3
397.2,60076,60076,60076,60076,56384,56384,58230,1800000,2256000,2256000,1800000,2256000,2256000,0,0,0,4
398.4,59153,60076,60076,60076,56384,56384,57307,1800000,2256000,2256000,1800000,2256000,2256000,0,0,0,3
399.7,60076,60076,60076,60076,56384,56384,58230,1800000,2256000,2256000,1800000,2256000,2256000,0,0,0,4
401.0,60076,60076,60076,60076,56384,56384,58230,1800000,2256000,2256000,1800000,2256000,2256000,0,0,0,4
402.3,60076,60076,60076,60076,56384,56384,58230,1800000,2256000,2256000,1800000,2256000,2256000,0,0,0,4
403.5,59153,60076,60076,60076,56384,56384,58230,1800000,2256000,2256000,1800000,2256000,2256000,0,0,0,4
404.8,60076,60076,60076,59153,56384,56384,58230,1800000,2256000,2256000,1800000,2256000,2256000,0,0,0,3
406.0,59153,60076,60076,60076,56384,56384,57307,1800000,2256000,2256000,1800000,2256000,2256000,0,0,0,3
407.2,59153,60076,60076,60076,56384,56384,58230,1800000,2256000,2256000,1800000,2256000,2256000,0,0,0,4
408.5,59153,60076,60076,60076,56384,56384,57307,1800000,2256000,2256000,1800000,2256000,2256000,0,0,0,3
409.7,59153,60076,60076,59153,56384,56384,58230,1800000,2256000,2256000,1800000,2256000,2256000,0,0,0,3
411.0,59153,60076,60076,60076,56384,56384,58230,1800000,2256000,2256000,1800000,2256000,2256000,0,0,0,3
412.2,60076,60076,60076,59153,56384,56384,58230,1800000,2256000,2256000,1800000,2256000,2256000,0,0,0,4
413.5,60076,60076,60076,60076,56384,56384,58230,1800000,2256000,2256000,1800000,2256000,2256000,0,0,0,4
414.7,60076,60076,60076,60076,56384,56384,58230,1800000,2256000,2256000,1800000,2256000,2256000,0,0,0,4
415.9,60076,61000,61000,60076,56384,56384,58230,1800000,2256000,2256000,1800000,2256000,2256000,0,0,0,4
417.2,60076,60076,61000,60076,57307,56384,58230,1800000,2256000,2256000,1800000,2256000,2256000,0,0,0,4
418.4,60076,60076,61000,60076,56384,56384,58230,1800000,2256000,2256000,1800000,2256000,2256000,0,0,0,3
419.7,59153,60076,60076,60076,56384,56384,58230,1800000,2256000,2256000,1800000,2256000,2256000,0,0,0,3
420.9,59153,60076,60076,60076,56384,56384,58230,1800000,2256000,2256000,1800000,2256000,2256000,0,0,0,4
422.1,60076,60076,60076,60076,56384,56384,58230,1800000,2256000,2256000,1800000,2256000,2256000,0,0,0,3
423.3,59153,60076,60076,60076,56384,56384,57307,1800000,2256000,2256000,1800000,2256000,2256000,0,0,0,4
424.6,59153,60076,60076,60076,56384,56384,58230,1800000,2256000,2256000,1800000,2256000,2256000,0,0,0,3
425.8,60076,60076,60076,60076,56384,56384,58230,1800000,2256000,2256000,1800000,2256000,2256000,0,0,0,3
427.0,60076,60076,60076,59153,56384,56384,58230,1800000,2256000,2256000,1800000,2256000,2256000,0,0,0,4
428.2,60076,60076,60076,60076,56384,56384,58230,1800000,2256000,2256000,1800000,2256000,2256000,0,0,0,3
429.5,60076,60076,60076,60076,56384,56384,57307,1800000,2256000,2256000,1800000,2256000,2256000,0,0,0,4
430.7,60076,60076,60076,59153,56384,56384,57307,1800000,2256000,2256000,1800000,2256000,2256000,0,0,0,3
431.9,60076,61000,61000,60076,56384,56384,58230,1800000,2256000,2256000,1800000,2256000,2256000,0,0,0,4
433.2,60076,61000,61000,60076,56384,56384,58230,1800000,2256000,2256000,1800000,2256000,2256000,0,0,0,4
434.4,60076,60076,60076,60076,56384,56384,58230,1800000,2256000,2256000,1800000,2256000,2256000,0,0,0,3
435.6,59153,60076,60076,60076,56384,56384,58230,1800000,2256000,2256000,1800000,2256000,2256000,0,0,0,3
436.8,60076,60076,60076,60076,56384,56384,58230,1800000,2256000,2256000,1800000,2256000,2256000,0,0,0,3
438.1,59153,60076,60076,60076,56384,56384,57307,1800000,2256000,2256000,1800000,2256000,2256000,0,0,0,4
439.3,59153,60076,60076,59153,56384,56384,58230,1800000,2256000,2256000,1800000,2256000,2256000,0,0,0,4
440.5,60076,60076,60076,60076,56384,56384,57307,1800000,2256000,2256000,1800000,2256000,2256000,0,0,0,4
441.8,60076,60076,60076,60076,56384,56384,57307,1800000,2256000,2256000,1800000,2256000,2256000,0,0,0,4
443.0,59153,60076,60076,59153,56384,56384,58230,1800000,2256000,2256000,1800000,2256000,2256000,0,0,0,3
444.3,60076,60076,60076,60076,56384,56384,57307,1800000,2256000,2256000,1800000,2256000,2256000,0,0,0,3
445.5,59153,60076,60076,59153,56384,55461,57307,1800000,2256000,2256000,1800000,2256000,2256000,0,0,0,3
446.7,59153,60076,60076,60076,56384,56384,58230,1800000,2256000,2256000,1800000,2256000,2256000,0,0,0,4
447.9,60076,60076,60076,59153,56384,56384,58230,1800000,2256000,2256000,1800000,2256000,2256000,0,0,0,4
449.2,60076,61000,61000,60076,56384,56384,58230,1800000,2256000,2256000,1800000,2256000,2256000,0,0,0,4
450.4,60076,60076,60076,60076,56384,56384,58230,1800000,2256000,2256000,1800000,2256000,2256000,0,0,0,4
451.7,60076,60076,61000,60076,56384,56384,58230,1800000,2256000,2256000,1800000,2256000,2256000,0,0,0,4
452.9,60076,60076,60076,60076,56384,56384,58230,1800000,2256000,2256000,1800000,2256000,2256000,0,0,0,4
454.1,60076,60076,61000,60076,56384,56384,58230,1800000,2256000,2256000,1800000,2256000,2256000,0,0,0,4
455.4,60076,60076,60076,60076,56384,56384,58230,1800000,2256000,2256000,1800000,2256000,2256000,0,0,0,4
456.6,60076,60076,60076,60076,56384,56384,58230,1800000,2256000,2256000,1800000,2256000,2256000,0,0,0,4
457.8,60076,60076,61000,60076,56384,56384,58230,1800000,2256000,2256000,1800000,2256000,2256000,0,0,0,4
459.0,60076,60076,60076,60076,56384,56384,58230,1800000,2256000,2256000,1800000,2256000,2256000,0,0,0,4
460.3,60076,60076,60076,60076,56384,56384,58230,1800000,2256000,2256000,1800000,2256000,2256000,0,0,0,4
461.5,60076,60076,60076,59153,56384,56384,58230,1800000,2256000,2256000,1800000,2256000,2256000,0,0,0,4
462.8,60076,60076,60076,59153,56384,56384,58230,1800000,2256000,2256000,1800000,2256000,2256000,0,0,0,4
464.0,60076,60076,60076,60076,56384,56384,58230,1800000,2256000,2256000,1800000,2256000,2256000,0,0,0,3
465.3,60076,60076,60076,60076,56384,56384,58230,1800000,2256000,2256000,1800000,2256000,2256000,0,0,0,4
466.5,60076,61000,61000,60076,56384,56384,58230,1800000,2256000,2256000,1800000,2256000,2256000,0,0,0,4
467.8,59153,60076,60076,60076,56384,55461,58230,1800000,2256000,2256000,1800000,2256000,2256000,0,0,0,3
469.0,60076,60076,60076,60076,56384,56384,58230,1800000,2256000,2256000,1800000,2256000,2256000,0,0,0,4
470.2,59153,60076,60076,59153,56384,56384,57307,1800000,2256000,2256000,1800000,2256000,2256000,0,0,0,4
471.5,60076,60076,60076,60076,56384,56384,58230,1800000,2256000,2256000,1800000,2256000,2256000,0,0,0,3
472.7,59153,60076,60076,60076,56384,56384,58230,1800000,2256000,2256000,1800000,2256000,2256000,0,0,0,3
474.0,59153,60076,60076,60076,56384,56384,58230,1800000,2256000,2256000,1800000,2256000,2256000,0,0,0,4
475.2,60076,60076,60076,60076,56384,56384,57307,1800000,2256000,2256000,1800000,2256000,2256000,0,0,0,3
476.4,60076,60076,60076,59153,56384,56384,58230,1800000,2256000,2256000,1800000,2256000,2256000,0,0,0,3
477.7,60076,60076,60076,60076,56384,56384,58230,1800000,2256000,2256000,1800000,2256000,2256000,0,0,0,4
478.9,59153,60076,60076,60076,56384,56384,58230,1800000,2256000,2256000,1800000,2256000,2256000,0,0,0,4
480.1,60076,60076,60076,60076,56384,56384,58230,1800000,2256000,2256000,1800000,2256000,2256000,0,0,0,3
481.4,59153,60076,60076,60076,56384,56384,58230,1800000,2256000,2256000,1800000,2256000,2256000,0,0,0,4
482.7,60076,60076,60076,60076,56384,56384,58230,1800000,2256000,2256000,1800000,2256000,2256000,0,0,0,3
483.9,60076,61000,61000,60076,56384,56384,58230,1800000,2256000,2256000,1800000,2256000,2256000,0,0,0,4
485.2,60076,60076,60076,60076,56384,56384,58230,1800000,2256000,2256000,1800000,2256000,2256000,0,0,0,4
486.4,60076,60076,61000,60076,56384,56384,58230,1800000,2256000,2256000,1800000,2256000,2256000,0,0,0,4
487.6,60076,60076,60076,60076,56384,56384,58230,1800000,2256000,2256000,1800000,2256000,2256000,0,0,0,4
488.8,60076,60076,60076,59153,56384,56384,58230,1800000,2256000,2256000,1800000,2256000,2256000,0,0,0,4
490.0,57307,58230,58230,58230,56384,56384,56384,1800000,2256000,2256000,1800000,2256000,2256000,0,0,0,1
491.1,54538,53615,54538,54538,52692,52692,53615,1800000,2256000,2256000,1800000,2256000,2256000,0,0,0,0
492.1,52692,52692,52692,52692,51769,52692,52692,1800000,2256000,2256000,1800000,2256000,2256000,0,0,0,0
493.1,52692,51769,52692,52692,50846,51769,51769,1800000,408000,2256000,1800000,2256000,2256000,0,0,0,0
494.2,51769,51769,51769,51769,50846,50846,51769,1800000,408000,2256000,1800000,2256000,2256000,0,0,0,0
495.2,50846,50846,50846,51769,50846,50846,50846,1800000,600000,600000,1800000,2256000,2256000,0,0,0,0
496.2,50846,50846,50846,50846,50846,49923,50846,1800000,2256000,408000,1800000,2256000,2256000,0,0,0,0
497.3,50846,50846,50846,50846,49923,49923,49923,1800000,2256000,408000,1800000,2256000,2256000,0,0,0,0
498.3,50846,50846,50846,50846,49923,49923,50846,1800000,2256000,600000,1800000,2256000,2256000,0,0,0,0
499.4,49923,49923,49923,50846,49000,49000,49923,1800000,2256000,408000,1800000,2256000,2256000,0,0,0,0
500.4,49923,49923,49923,49923,49000,49000,49923,408000,408000,408000,1800000,2256000,2256000,0,0,0,0
501.5,49923,49000,49923,49923,49000,49000,49923,1800000,408000,408000,1800000,2256000,2256000,0,0,0,0
502.6,50846,50846,50846,50846,49000,49000,49923,1800000,2256000,2256000,1800000,2256000,2256000,0,0,0,0
503.6,50846,51769,51769,51769,49923,49000,49923,1800000,2256000,2256000,1800000,2256000,2256000,0,0,0,0
504.6,49923,49923,49923,49923,49000,49000,49923,1800000,408000,2256000,1800000,2256000,2256000,0,0,0,0
505.7,49923,49000,49923,49923,49000,49000,49923,1800000,408000,2256000,1800000,2256000,2256000,0,0,0,0
506.7,49000,49000,49000,49000,49000,49000,49000,600000,408000,408000,1800000,2256000,2256000,0,0,0,0
507.8,49923,49000,49923,49923,49000,49000,49000,1800000,408000,2256000,1800000,2256000,2256000,0,0,0,0
508.8,49000,49000,49000,49000,49000,49000,49000,1800000,408000,2256000,1800000,2256000,2256000,0,0,0,0
509.9,49000,49000,49000,49000,48076,48076,49000,408000,408000,408000,1800000,2256000,2256000,0,0,0,0
511.0,49000,49000,49000,49000,48076,48076,49000,1800000,2256000,408000,1800000,2256000,2256000,0,0,0,0
512.0,49000,49000,49000,49000,48076,48076,49000,1800000,2256000,408000,1800000,2256000,2256000,0,0,0,0
513.0,49000,49000,49000,49000,48076,48076,49000,600000,600000,408000,1800000,2256000,2256000,0,0,0,0
514.1,49000,49000,49000,49000,48076,48076,49000,408000,600000,408000,1800000,2256000,2256000,0,0,0,0
515.2,49000,49000,49000,49000,48076,48076,49000,408000,600000,600000,1800000,2256000,2256000,0,0,0,0
516.3,49923,49923,49923,49923,49000,48076,49000,1800000,2256000,2256000,1800000,2256000,2256000,0,0,0,0
517.4,49000,49000,49000,49000,48076,48076,49000,1800000,2256000,2256000,1800000,2256000,2256000,0,0,0,0
518.4,49000,49000,49000,49000,48076,49000,49000,408000,408000,600000,1800000,2256000,2256000,0,0,0,0
519.5,49000,49000,49000,49000,48076,48076,49000,1800000,408000,408000,1800000,2256000,2256000,0,0,0,0
520.6,49923,49923,49923,49923,49000,48076,49000,1800000,600000,2256000,1800000,2256000,2256000,0,0,0,0
521.6,49923,50846,50846,50846,49000,49000,49923,1800000,408000,2256000,1800000,2256000,2256000,0,0,0,0
522.7,49923,49923,49923,49923,49000,49000,49923,1800000,600000,2256000,1800000,2256000,2256000,0,0,0,0
523.7,49923,49923,49923,49923,49000,49000,49923,1800000,2256000,2256000,1800000,2256000,2256000,0,0,0,0
524.8,49000,49000,49000,49923,49000,49000,49000,1800000,2256000,408000,1800000,2256000,2256000,0,0,0,0
525.8,49000,49000,49000,49923,49000,49000,49000,1800000,408000,2256000,1800000,2256000,2256000,0,0,0,0
526.8,49923,49923,49923,49923,49000,49000,49000,1800000,600000,2256000,1800000,2256000,2256000,0,0,0,0
527.9,49000,49000,49000,49000,49000,49000,49000,408000,408000,408000,1800000,2256000,2256000,0,0,0,0
529.0,49000,49000,49000,49000,48076,49000,49000,408000,408000,408000,1800000,2256000,2256000,0,0,0,0
530.1,49000,49000,49000,49000,49000,49000,49000,408000,408000,408000,1800000,2256000,2256000,0,0,0,0
531.2,49000,49000,49000,49923,48076,48076,49000,1800000,2256000,2256000,1800000,2256000,2256000,0,0,0,0
532.2,49923,49000,49000,49923,49000,49000,49000,1800000,2256000,2256000,1800000,2256000,2256000,0,0,0,0
533.3,49923,49000,49000,49923,49000,49000,49000,1800000,2256000,600000,1800000,2256000,2256000,0,0,0,0
534.3,49923,49000,49000,49923,48076,49000,49000,1800000,2256000,408000,1800000,2256000,2256000,0,0,0,0
535.3,49000,49000,49000,49000,49000,49000,49000,408000,600000,408000,1800000,2256000,2256000,0,0,0,0
536.5,50846,50846,50846,50846,49000,49000,49923,1800000,600000,2256000,1800000,2256000,2256000,0,0,0,0
537.5,50846,50846,50846,50846,49923,49923,49923,1800000,408000,2256000,1800000,2256000,2256000,0,0,0,0
538.5,50846,49923,49923,50846,49000,49000,49923,1800000,408000,2256000,1800000,2256000,2256000,0,0,0,0
539.6,49923,49923,49923,50846,49000,49000,49923,1800000,408000,2256000,1800000,2256000,2256000,0,0,0,0
540.6,49923,49923,49923,49923,49000,49000,49000,408000,408000,408000,1800000,2256000,2256000,0,0,0,0
541.7,49923,49923,49923,49923,49000,49000,49000,1800000,408000,408000,1800000,2256000,2256000,0,0,0,0
542.8,49000,49000,49923,49923,49000,49000,49000,408000,408000,408000,1800000,2256000,2256000,0,0,0,0
543.9,49923,49923,49923,50846,49000,49000,49923,1800000,2256000,2256000,1800000,2256000,2256000,0,0,0,0
544.9,49923,49923,49923,49923,49000,49000,49000,1800000,2256000,2256000,1800000,2256000,2256000,0,0,0,0
546.0,49923,49000,49923,49923,49000,49000,49000,1800000,408000,2256000,1800000,2256000,2256000,0,0,0,0
547.1,49923,49923,49923,50846,49000,49000,49923,1800000,408000,2256000,1800000,2256000,2256000,0,0,0,0
548.1,49923,49923,49923,49923,49000,49000,49923,408000,408000,408000,1800000,2256000,2256000,0,0,0,0
549.2,49923,49923,49923,50846,49000,49000,49923,1800000,408000,2256000,1800000,2256000,2256000,0,0,0,0
550.3,49923,49923,49923,50846,49000,49000,49923,1800000,408000,2256000,1800000,2256000,2256000,0,0,0,0
551.3,49923,49923,49923,49923,49000,49000,49923,1800000,2256000,408000,1800000,2256000,2256000,0,0,0,0
552.3,49923,49923,49923,49923,49000,49000,49923,1800000,2256000,408000,1800000,2256000,2256000,0,0,0,0
553.4,49923,49923,49923,49923,49000,49000,49923,600000,408000,408000,1800000,2256000,2256000,0,0,0,0
554.5,51769,52692,52692,51769,49923,49923,50846,1800000,2256000,408000,1800000,2256000,2256000,0,0,0,0
555.5,50846,49923,50846,50846,49923,49923,50846,1800000,2256000,408000,1800000,2256000,2256000,0,0,0,0
556.5,49923,49923,49923,50846,49923,49923,49923,1800000,2256000,600000,1800000,2256000,2256000,0,0,0,0
557.6,49923,49923,49923,49923,49923,49923,49923,408000,408000,408000,1800000,2256000,2256000,0,0,0,0
558.7,49923,49923,49923,49923,49000,49000,49923,408000,408000,408000,1800000,2256000,2256000,0,0,0,0
559.8,49923,49923,49923,50846,49923,49000,49923,1800000,2256000,600000,1800000,2256000,2256000,0,0,0,0
560.9,49923,49923,49923,50846,49000,49000,49923,1800000,2256000,408000,1800000,2256000,2256000,0,0,0,0
561.9,49923,49923,49923,49923,49000,49000,49923,408000,408000,408000,1800000,2256000,2256000,0,0,0,0
563.1,49923,49923,49923,50846,49000,49000,49923,1800000,408000,600000,1800000,2256000,2256000,0,0,0,0
564.2,49923,50846,49923,50846,49000,49000,49923,1800000,2256000,600000,1800000,2256000,2256000,0,0,0,0
565.2,50846,49923,49923,50846,49923,49923,49923,1800000,2256000,408000,1800000,2256000,2256000,0,0,0,0
566.2,49923,49923,49923,49923,49000,49000,49923,1800000,600000,408000,1800000,2256000,2256000,0,0,0,0
567.4,49923,50846,50846,50846,49923,49923,49923,1800000,408000,2256000,1800000,2256000,2256000,0,0,0,0
568.4,49923,49923,50846,50846,49923,49923,49923,1800000,408000,2256000,1800000,2256000,2256000,0,0,0,0
569.5,50846,49923,50846,50846,49923,49923,49923,600000,408000,408000,1800000,2256000,2256000,0,0,0,0
570.5,51769,51769,51769,51769,50846,50846,50846,1800000,2256000,408000,1800000,2256000,2256000,0,0,0,0
571.6,50846,50846,50846,51769,49923,49923,50846,1800000,2256000,408000,1800000,2256000,2256000,0,0,0,0
572.6,50846,50846,50846,50846,49923,49923,50846,1800000,2256000,408000,1800000,2256000,2256000,0,0,0,0
573.7,50846,51769,50846,50846,49923,49923,50846,1800000,408000,408000,1800000,2256000,2256000,0,0,0,0
574.7,50846,50846,50846,50846,49923,49923,49923,408000,408000,408000,1800000,2256000,2256000,0,0,0,0
575.8,49923,49923,50846,50846,49923,49923,50846,408000,408000,408000,1800000,2256000,2256000,0,0,0,0
576.9,50846,50846,50846,50846,49923,49923,49923,1800000,600000,600000,1800000,2256000,2256000,0,0,0,0
578.0,50846,50846,50846,50846,49923,49923,49923,1800000,2256000,2256000,1800000,2256000,2256000,0,0,0,0
579.0,50846,50846,50846,50846,49923,49923,49923,1800000,2256000,2256000,1800000,2256000,2256000,0,0,0,0
580.1,50846,50846,50846,50846,49923,49923,50846,408000,408000,408000,1800000,2256000,2256000,0,0,0,0
581.2,50846,49923,50846,50846,49923,49923,49923,600000,408000,408000,1800000,2256000,2256000,0,0,0,0
582.3,49923,49923,50846,50846,49923,49923,50846,600000,600000,408000,1800000,2256000,2256000,0,0,0,0
583.4,49923,49923,50846,50846,49923,49923,50846,408000,408000,600000,1800000,2256000,2256000,0,0,0,0
584.5,50846,50846,51769,50846,49923,49923,50846,1800000,600000,2256000,1800000,2256000,2256000,0,0,0,0
585.6,50846,50846,50846,50846,49923,49923,50846,1800000,2256000,2256000,1800000,2256000,2256000,0,0,0,0
586.6,50846,50846,50846,50846,49923,49923,49923,1800000,2256000,408000,1800000,2256000,2256000,0,0,0,0
587.6,50846,50846,50846,50846,49923,49923,50846,600000,408000,408000,1800000,2256000,2256000,0,0,0,0
588.7,51769,51769,51769,51769,50846,50846,50846,1800000,2256000,408000,1800000,2256000,2256000,0,0,0,0
589.8,51769,51769,52692,52692,50846,50846,51769,1800000,2256000,2256000,1800000,2256000,2256000,0,0,0,0
590.8,50846,50846,50846,51769,49923,49923,50846,1800000,2256000,2256000,1800000,2256000,2256000,0,0,0,0
591.8,50846,50846,50846,50846,49923,49923,50846,1800000,2256000,408000,1800000,2256000,2256000,0,0,0,0
592.9,50846,50846,50846,50846,49923,49923,50846,600000,408000,408000,1800000,2256000,2256000,0,0,0,0
593.9,50846,50846,50846,50846,49923,49923,50846,408000,408000,408000,1800000,2256000,2256000,0,0,0,0
595.0,50846,50846,50846,50846,49923,49923,50846,1800000,408000,2256000,1800000,2256000,2256000,0,0,0,0
596.1,51769,51769,51769,51769,49923,50846,50846,1800000,408000,2256000,1800000,2256000,2256000,0,0,0,0
597.2,50846,50846,50846,51769,49923,49923,50846,1800000,2256000,408000,1800000,2256000,2256000,0,0,0,0
598.2,51769,51769,51769,51769,50846,50846,50846,1800000,408000,2256000,1800000,2256000,2256000,0,0,0,0
599.2,50846,50846,50846,50846,50846,50846,50846,408000,408000,408000,1800000,2256000,2256000,0,0,0,0
600.4,50846,50846,50846,51769,50846,50846,50846,1800000,2256000,2256000,1800000,2256000,2256000,0,0,0,0
601.4,50846,50846,50846,51769,49923,49923,50846,1800000,2256000,2256000,1800000,2256000,2256000,0,0,0,0
602.4,50846,50846,50846,50846,49923,50846,50846,408000,408000,408000,1800000,2256000,2256000,0,0,0,0
603.5,50846,50846,51769,51769,50846,50846,50846,1800000,2256000,600000,1800000,2256000,2256000,0,0,0,0
604.6,50846,50846,50846,51769,50846,49923,50846,1800000,2256000,408000,1800000,2256000,2256000,0,0,0,0
605.6,50846,50846,50846,50846,50846,50846,50846,408000,408000,408000,1800000,2256000,2256000,0,0,0,0
606.7,50846,50846,50846,50846,49923,50846,50846,408000,408000,408000,1800000,2256000,2256000,0,0,0,0
607.8,52692,53615,52692,52692,50846,50846,51769,1800000,2256000,408000,1800000,2256000,2256000,0,0,0,0
608.9,51769,51769,51769,52692,50846,50846,50846,1800000,2256000,408000,1800000,2256000,2256000,0,0,0,0
609.9,51769,51769,51769,51769,50846,50846,50846,1800000,2256000,408000,1800000,2256000,2256000,0,0,0,0
611.0,51769,51769,51769,51769,50846,50846,50846,1800000,2256000,408000,1800000,2256000,2256000,0,0,0,0
612.0,50846,51769,51769,51769,50846,50846,50846,1800000,600000,600000,1800000,2256000,2256000,0,0,0,0
613.0,50846,51769,51769,51769,50846,50846,50846,1800000,408000,408000,1800000,2256000,2256000,0,0,0,0
614.1,50846,50846,50846,50846,50846,50846,50846,408000,408000,600000,1800000,2256000,2256000,0,0,0,0
615.2,51769,51769,51769,51769,50846,50846,51769,1800000,2256000,408000,1800000,2256000,2256000,0,0,0,0
616.3,51769,51769,50846,51769,50846,50846,50846,1800000,2256000,2256000,1800000,2256000,2256000,0,0,0,0
617.3,51769,50846,50846,51769,50846,50846,50846,1800000,408000,2256000,1800000,2256000,2256000,0,0,0,0
618.4,51769,51769,51769,51769,50846,50846,51769,1800000,600000,600000,1800000,2256000,2256000,0,0,0,0
619.4,51769,51769,51769,51769,50846,50846,51769,1800000,2256000,408000,1800000,2256000,2256000,0,0,0,0
620.4,51769,51769,51769,51769,50846,50846,50846,1800000,2256000,408000,1800000,2256000,2256000,0,0,0,0
621.5,50846,51769,50846,51769,50846,50846,50846,408000,408000,408000,1800000,2256000,2256000,0,0,0,0
622.6,51769,51769,51769,51769,50846,50846,50846,1800000,2256000,408000,1800000,2256000,2256000,0,0,0,0
623.6,51769,51769,51769,51769,50846,50846,51769,1800000,2256000,408000,1800000,2256000,2256000,0,0,0,0
624.7,51769,51769,51769,51769,50846,50846,51769,408000,408000,408000,1800000,2256000,2256000,0,0,0,0
625.8,51769,51769,51769,51769,50846,50846,51769,1800000,408000,600000,1800000,2256000,2256000,0,0,0,0
626.8,52692,52692,53615,52692,51769,51769,52692,1800000,2256000,2256000,1800000,2256000,2256000,0,0,0,0
627.9,52692,51769,51769,52692,51769,51769,51769,1800000,2256000,2256000,1800000,2256000,2256000,0,0,0,0
628.9,52692,52692,52692,52692,50846,50846,51769,1800000,408000,2256000,1800000,2256000,2256000,0,0,0,0
630.0,51769,51769,51769,51769,50846,50846,51769,1800000,408000,2256000,1800000,2256000,2256000,0,0,0,0
631.0,51769,51769,51769,51769,50846,50846,51769,1800000,408000,2256000,1800000,2256000,2256000,0,0,0,0
632.0,51769,51769,51769,52692,51769,50846,51769,1800000,2256000,2256000,1800000,2256000,2256000,0,0,0,0
633.1,51769,51769,51769,51769,50846,50846,51769,1800000,2256000,600000,1800000,2256000,2256000,0,0,0,0
634.1,51769,51769,51769,51769,50846,50846,51769,408000,408000,408000,1800000,2256000,2256000,0,0,0,0
635.2,51769,51769,51769,51769,50846,50846,51769,408000,600000,408000,1800000,2256000,2256000,0,0,0,0
636.4,51769,51769,51769,51769,50846,50846,51769,1800000,2256000,408000,1800000,2256000,2256000,0,0,0,0
637.4,51769,51769,51769,51769,50846,50846,51769,408000,600000,408000,1800000,2256000,2256000,0,0,0,0
638.5,51769,51769,51769,51769,50846,50846,51769,1800000,408000,2256000,1800000,2256000,2256000,0,0,0,0
639.6,51769,51769,51769,52692,50846,50846,51769,1800000,2256000,2256000,1800000,2256000,2256000,0,0,0,0
640.6,51769,51769,51769,51769,50846,50846,51769,1800000,2256000,408000,1800000,2256000,2256000,0,0,0,0
641.6,52692,52692,52692,52692,50846,50846,51769,1800000,408000,2256000,1800000,2256000,2256000,0,0,0,0
642.7,52692,53615,53615,53615,51769,51769,52692,1800000,408000,2256000,1800000,2256000,2256000,0,0,0,0
643.7,51769,52692,52692,52692,51769,51769,51769,1800000,408000,2256000,1800000,2256000,2256000,0,0,0,0
644.8,51769,51769,51769,51769,51769,51769,51769,408000,408000,600000,1800000,2256000,2256000,0,0,0,0
645.9,51769,51769,51769,51769,51769,51769,51769,408000,408000,408000,1800000,2256000,2256000,0,0,0,0
647.0,51769,51769,51769,52692,50846,51769,51769,1800000,2256000,2256000,1800000,2256000,2256000,0,0,0,0
648.0,52692,51769,51769,52692,51769,51769,51769,1800000,2256000,2256000,1800000,2256000,2256000,0,0,0,0
649.0,52692,51769,52692,51769,51769,51769,51769,1800000,408000,408000,1800000,2256000,2256000,0,0,0,0
650.1,51769,51769,51769,51769,50846,50846,51769,408000,408000,408000,1800000,2256000,2256000,0,0,0,0
651.2,51769,51769,51769,51769,50846,50846,51769,600000,408000,408000,1800000,2256000,2256000,0,0,0,0
652.3,52692,51769,51769,52692,51769,50846,51769,1800000,2256000,2256000,1800000,2256000,2256000,0,0,0,0
653.3,52692,51769,51769,52692,50846,51769,51769,1800000,408000,2256000,1800000,2256000,2256000,0,0,0,0
654.4,51769,51769,51769,51769,51769,51769,51769,600000,408000,408000,1800000,2256000,2256000,0,0,0,0
655.4,51769,51769,51769,51769,50846,50846,51769,408000,408000,600000,1800000,2256000,2256000,0,0,0,0
656.6,52692,51769,52692,52692,51769,51769,51769,1800000,600000,408000,1800000,2256000,2256000,0,0,0,0
657.6,51769,51769,51769,51769,50846,51769,51769,1800000,408000,2256000,1800000,2256000,2256000,0,0,0,0
658.7,51769,51769,52692,52692,51769,51769,51769,1800000,600000,2256000,1800000,2256000,2256000,0,0,0,0
659.7,53615,54538,54538,53615,52692,51769,52692,1800000,2256000,2256000,1800000,2256000,2256000,0,0,0,0
660.7,52692,52692,52692,52692,51769,51769,51769,1800000,2256000,2256000,1800000,2256000,2256000,0,0,0,0
661.7,52692,52692,52692,53615,52692,51769,52692,1800000,2256000,408000,1800000,2256000,2256000,0,0,0,0
662.8,52692,52692,52692,52692,51769,51769,52692,1800000,2256000,408000,1800000,2256000,2256000,0,0,0,0
663.8,52692,52692,52692,52692,51769,51769,52692,1800000,600000,408000,1800000,2256000,2256000,0,0,0,0
664.9,52692,52692,52692,52692,51769,51769,51769,1800000,600000,600000,1800000,2256000,2256000,0,0,0,0
666.0,52692,52692,52692,52692,51769,51769,51769,1800000,2256000,2256000,1800000,2256000,2256000,0,0,0,0
667.0,52692,52692,52692,52692,51769,51769,52692,1800000,2256000,2256000,1800000,2256000,2256000,0,0,0,0
668.0,51769,51769,51769,52692,51769,51769,51769,408000,408000,600000,1800000,2256000,2256000,0,0,0,0
669.1,51769,51769,51769,51769,51769,51769,51769,600000,408000,408000,1800000,2256000,2256000,0,0,0,0
670.2,51769,51769,51769,52692,51769,51769,51769,408000,408000,600000,1800000,2256000,2256000,0,0,0,0
671.4,51769,51769,52692,51769,51769,51769,51769,1800000,600000,600000,1800000,2256000,2256000,0,0,0,0
672.4,52692,51769,52692,52692,51769,51769,51769,408000,408000,408000,1800000,2256000,2256000,0,0,0,0
