addr,size,node,status,compatible,driver,runtime_pm
0010f000,100,sram@10f000,okay,mmio-sram,sram,unsupported
00200000,efe00000,memory,okay,,,
fb000000,200000,gpu-mali@fb000000,disabled,arm,mali-bifrost,,
fb000000,200000,gpu@fb000000,okay,rockchip,rk3588-mali,panthor,suspended
fc800000,40000,usb@fc800000,okay,rockchip,rk3588-ehci,ehci-platform,active
fc840000,40000,usb@fc840000,okay,rockchip,rk3588-ohci,ohci-platform,suspended
fc880000,40000,usb@fc880000,okay,rockchip,rk3588-ehci,ehci-platform,active
fc8c0000,40000,usb@fc8c0000,okay,rockchip,rk3588-ohci,ohci-platform,suspended
fc900000,200000,iommu@fc900000,disabled,arm,smmu-v3,,
fcb00000,200000,iommu@fcb00000,disabled,arm,smmu-v3,,
fd104000,1000,debug@fd104000,okay,rockchip,debug,,unsupported
fd10c000,1000,cspmu@fd10c000,okay,rockchip,cspmu,,unsupported
fd588000,2000,syscon@fd588000,okay,rockchip,rk3588-pmu0-grf,,unsupported
fd58a000,2000,syscon@fd58a000,okay,rockchip,rk3588-pmu1-grf,,unsupported
fd58c000,1000,syscon@fd58c000,okay,rockchip,rk3588-sys-grf,,unsupported
fd590000,100,syscon@fd590000,okay,rockchip,rk3588-bigcore0-grf,,unsupported
fd592000,100,syscon@fd592000,okay,rockchip,rk3588-bigcore1-grf,,unsupported
fd594000,100,syscon@fd594000,okay,rockchip,rk3588-litcore-grf,,unsupported
fd598000,100,syscon@fd598000,okay,rockchip,rk3588-dsu-grf,,unsupported
fd5a0000,100,syscon@fd5a0000,okay,rockchip,rk3588-gpu-grf,,unsupported
fd5a2000,100,syscon@fd5a2000,okay,rockchip,rk3588-npu-grf,,unsupported
fd5a4000,2000,syscon@fd5a4000,okay,rockchip,rk3588-vop-grf,,unsupported
fd5a6000,2000,syscon@fd5a6000,okay,rockchip,rk3588-vo-grf,,unsupported
fd5a8000,100,syscon@fd5a8000,okay,rockchip,rk3588-vo-grf,,unsupported
fd5ac000,4000,syscon@fd5ac000,okay,rockchip,rk3588-usb-grf,,unsupported
fd5b0000,1000,syscon@fd5b0000,okay,rockchip,rk3588-php-grf,,unsupported
fd5b4000,1000,syscon@fd5b4000,okay,rockchip,mipi-dphy-grf,,unsupported
fd5b5000,1000,syscon@fd5b5000,okay,rockchip,mipi-dphy-grf,,unsupported
fd5b8000,10000,syscon@fd5b8000,okay,rockchip,pcie30-phy-grf,,unsupported
fd5bc000,100,syscon@fd5bc000,okay,rockchip,pipe-phy-grf,,unsupported
fd5c0000,100,syscon@fd5c0000,okay,rockchip,pipe-phy-grf,,unsupported
fd5c4000,100,syscon@fd5c4000,okay,rockchip,pipe-phy-grf,,unsupported
fd5c8000,4000,syscon@fd5c8000,okay,rockchip,rk3588-usbdpphy-grf,,unsupported
fd5cc000,4000,syscon@fd5cc000,okay,rockchip,rk3588-usbdpphy-grf,,unsupported
fd5d0000,4000,syscon@fd5d0000,okay,rockchip,rk3588-usb2phy-grf,,unsupported
fd5d4000,4000,syscon@fd5d4000,okay,rockchip,rk3588-usb2phy-grf,,unsupported
fd5d8000,4000,syscon@fd5d8000,okay,rockchip,rk3588-usb2phy-grf,,unsupported
fd5dc000,4000,syscon@fd5dc000,okay,rockchip,rk3588-usb2phy-grf,,unsupported
fd5e0000,100,syscon@fd5e0000,okay,rockchip,rk3588-hdptxphy-grf,,unsupported
fd5e4000,100,syscon@fd5e4000,okay,rockchip,rk3588-hdptxphy-grf,,unsupported
fd5e8000,4000,syscon@fd5e8000,okay,rockchip,mipi-dcphy-grf,,unsupported
fd5ec000,4000,syscon@fd5ec000,okay,rockchip,mipi-dcphy-grf,,unsupported
fd5f0000,10000,syscon@fd5f0000,okay,rockchip,rk3588-ioc,,unsupported
fd7c0000,5c000,clock-controller@fd7c0000,okay,rockchip,rk3588-cru,,
fd880000,1000,i2c@fd880000,okay,rockchip,rk3588-i2c,rk3x-i2c,unsupported
fd890000,100,serial@fd890000,disabled,rockchip,rk3588-uart,,
fd8b0000,10,pwm@fd8b0000,disabled,rockchip,rk3588-pwm,,
fd8b0010,10,pwm@fd8b0010,okay,rockchip,rk3588-pwm,rockchip-pwm,unsupported
fd8b0020,10,pwm@fd8b0020,disabled,rockchip,rk3588-pwm,,
fd8b0030,10,pwm@fd8b0030,disabled,rockchip,rk3588-pwm,,
fd8d8000,400,power-management@fd8d8000,okay,rockchip,rk3588-pmu,,unsupported
fda40000,100,pvtm@fda40000,okay,rockchip,rk3588-bigcore0-pvtm,rockchip-pvtm,unsupported
fda50000,100,pvtm@fda50000,okay,rockchip,rk3588-bigcore1-pvtm,rockchip-pvtm,unsupported
fda60000,100,pvtm@fda60000,okay,rockchip,rk3588-litcore-pvtm,rockchip-pvtm,unsupported
fdab0000,10000,npu@fdab0000,okay,rockchip,rk3588-rknpu,RKNPU,suspended
fdab9000,100,iommu@fdab9000,okay,rockchip,iommu-v2,rk_iommu,suspended
fdaf0000,100,pvtm@fdaf0000,okay,rockchip,rk3588-npu-pvtm,rockchip-pvtm,unsupported
fdb30000,100,pvtm@fdb30000,okay,rockchip,rk3588-gpu-pvtm,rockchip-pvtm,unsupported
fdb50000,400,vepu@fdb50000,okay,rockchip,vpu-encoder-v2,mpp_vepu2,suspended
fdb50400,400,vdpu@fdb50400,okay,rockchip,vpu-decoder-v2,mpp_vdpu2,suspended
fdb50800,40,iommu@fdb50800,okay,rockchip,iommu-v2,rk_iommu,suspended
fdb51000,200,avsd-plus@fdb51000,disabled,rockchip,avs-plus-decoder,,
fdb60000,1000,rga@fdb60000,okay,rockchip,rga3_core0,rga3,suspended
fdb60f00,100,iommu@fdb60f00,okay,rockchip,iommu-v2,rk_iommu,suspended
fdb70000,1000,rga@fdb70000,okay,rockchip,rga3_core1,rga3,suspended
fdb70f00,100,iommu@fdb70f00,okay,rockchip,iommu-v2,rk_iommu,suspended
fdb80000,1000,rga@fdb80000,okay,rockchip,rga2_core0,rga2,suspended
fdb90000,400,jpegd@fdb90000,okay,rockchip,rkv-jpeg-decoder-v1,mpp_jpgdec,suspended
fdb90480,40,iommu@fdb90480,okay,rockchip,iommu-v2,rk_iommu,suspended
fdba0000,400,jpege-core@fdba0000,okay,rockchip,vpu-jpege-core,mpp_vepu2,suspended
fdba0800,40,iommu@fdba0800,okay,rockchip,iommu-v2,rk_iommu,suspended
fdba4000,400,jpege-core@fdba4000,okay,rockchip,vpu-jpege-core,mpp_vepu2,suspended
fdba4800,40,iommu@fdba4800,okay,rockchip,iommu-v2,rk_iommu,suspended
fdba8000,400,jpege-core@fdba8000,okay,rockchip,vpu-jpege-core,mpp_vepu2,suspended
fdba8800,40,iommu@fdba8800,okay,rockchip,iommu-v2,rk_iommu,suspended
fdbac000,400,jpege-core@fdbac000,okay,rockchip,vpu-jpege-core,mpp_vepu2,suspended
fdbac800,40,iommu@fdbac800,okay,rockchip,iommu-v2,rk_iommu,suspended
fdbb0000,500,iep@fdbb0000,okay,rockchip,iep-v2,mpp-iep2,suspended
fdbb0800,100,iommu@fdbb0800,okay,rockchip,iommu-v2,rk_iommu,suspended
fdbd0000,6000,rkvenc-core@fdbd0000,okay,rockchip,rkv-encoder-v2-core,mpp_rkvenc2,suspended
fdbdf000,40,iommu@fdbdf000,okay,rockchip,iommu-v2,rk_iommu,suspended
fdbe0000,6000,rkvenc-core@fdbe0000,okay,rockchip,rkv-encoder-v2-core,mpp_rkvenc2,suspended
fdbef000,40,iommu@fdbef000,okay,rockchip,iommu-v2,rk_iommu,suspended
fdc30000,100,rkvdec-ccu@fdc30000,okay,rockchip,rkv-decoder-v2-ccu,mpp_rkvdec2,suspended
fdc38100,400,rkvdec-core@fdc38000,okay,rockchip,rkv-decoder-v2,mpp_rkvdec2,suspended
fdc38700,40,iommu@fdc38700,okay,rockchip,iommu-v2,rk_iommu,suspended
fdc48100,400,rkvdec-core@fdc48000,okay,rockchip,rkv-decoder-v2,mpp_rkvdec2,suspended
fdc48700,40,iommu@fdc48700,okay,rockchip,iommu-v2,rk_iommu,suspended
fdc70000,800,av1d@fdc70000,okay,rockchip,av1-decoder,mpp_av1dec,suspended
fdca0000,600,iommu@fdca0000,okay,rockchip,iommu-av1d,rk_iommu,suspended
fdcb0000,7f00,rkisp@fdcb0000,disabled,rockchip,rk3588-rkisp,,
fdcb0000,10000,rkisp-unite@fdcb0000,disabled,rockchip,rk3588-rkisp-unite,,
fdcb7f00,100,iommu@fdcb7f00,disabled,rockchip,iommu-v2,,
fdcb7f00,100,rkisp-unite-mmu@fdcb7f00,disabled,rockchip,iommu-v2,,
fdcc0000,7f00,rkisp@fdcc0000,disabled,rockchip,rk3588-rkisp,,
fdcc7f00,100,iommu@fdcc7f00,disabled,rockchip,iommu-v2,,
fdcd0000,f00,rkispp@fdcd0000,disabled,rockchip,rk3588-rkispp,,
fdcd0f00,100,iommu@fdcd0f00,disabled,rockchip,iommu-v2,,
fdcd8000,f00,rkispp@fdcd8000,disabled,rockchip,rk3588-rkispp,,
fdcd8f00,100,iommu@fdcd8f00,disabled,rockchip,iommu-v2,,
fdce0000,800,rkcif@fdce0000,disabled,rockchip,rk3588-cif,,
fdce0800,100,iommu@fdce0800,disabled,rockchip,iommu-v2,,
fdd10000,10000,mipi0-csi2-hw@fdd10000,okay,rockchip,rk3588-mipi-csi2-hw,rockchip-mipi-csi2-hw,unsupported
fdd20000,10000,mipi1-csi2-hw@fdd20000,okay,rockchip,rk3588-mipi-csi2-hw,rockchip-mipi-csi2-hw,unsupported
fdd30000,10000,mipi2-csi2-hw@fdd30000,okay,rockchip,rk3588-mipi-csi2-hw,rockchip-mipi-csi2-hw,unsupported
fdd40000,10000,mipi3-csi2-hw@fdd40000,okay,rockchip,rk3588-mipi-csi2-hw,rockchip-mipi-csi2-hw,unsupported
fdd50000,10000,mipi4-csi2-hw@fdd50000,okay,rockchip,rk3588-mipi-csi2-hw,rockchip-mipi-csi2-hw,unsupported
fdd60000,10000,mipi5-csi2-hw@fdd60000,okay,rockchip,rk3588-mipi-csi2-hw,rockchip-mipi-csi2-hw,unsupported
fdd90000,4200,vop@fdd90000,okay,rockchip,rk3588-vop,rockchip-vop2,suspended
fdd97e00,100,iommu@fdd97e00,okay,rockchip,iommu-v2,rk_iommu,suspended
fddb0000,1000,spdif-tx@fddb0000,okay,rockchip,rk3588-spdif,rockchip-spdif,suspended
fddb8000,1000,spdif-tx@fddb8000,disabled,rockchip,rk3588-spdif,,
fddc0000,1000,i2s@fddc0000,disabled,rockchip,rk3588-i2s-tdm,,
fddc8000,1000,i2s@fddc8000,disabled,rockchip,rk3588-i2s-tdm,,
fdde0000,1000,spdif-tx@fdde0000,disabled,rockchip,rk3588-spdif,,
fdde8000,1000,spdif-tx@fdde8000,disabled,rockchip,rk3588-spdif,,
fddf0000,1000,i2s@fddf0000,okay,rockchip,rk3588-i2s-tdm,rockchip-i2s-tdm,active
fddf4000,1000,i2s@fddf4000,okay,rockchip,rk3588-i2s-tdm,rockchip-i2s-tdm,active
fddf8000,1000,i2s@fddf8000,okay,rockchip,rk3588-i2s-tdm,rockchip-i2s-tdm,suspended
fddfc000,1000,i2s@fddfc000,disabled,rockchip,rk3588-i2s-tdm,,
fde00000,1000,i2s@fde00000,disabled,rockchip,rk3588-i2s-tdm,,
fde08000,1000,spdif-rx@fde08000,disabled,rockchip,rk3588-spdifrx,,
fde10000,1000,spdif-rx@fde10000,disabled,rockchip,rk3588-spdifrx,,
fde18000,1000,spdif-rx@fde18000,disabled,rockchip,rk3588-spdifrx,,
fde20000,10000,dsi@fde20000,disabled,rockchip,rk3588-mipi-dsi2,,
fde30000,10000,dsi@fde30000,disabled,rockchip,rk3588-mipi-dsi2,,
fde40000,80,hdcp@fde40000,disabled,rockchip,rk3588-hdcp,,
fde50000,4000,dp@fde50000,okay,rockchip,rk3588-dp,dw-dp,active
fde60000,4000,dp@fde60000,disabled,rockchip,rk3588-dp,,
fde70000,80,hdcp@fde70000,disabled,rockchip,rk3588-hdcp,,
fde80000,10000,hdmi@fde80000,okay,rockchip,rk3588-dw-hdmi,dwhdmi-rockchip,active
fdea0000,10000,hdmi@fdea0000,okay,rockchip,rk3588-dw-hdmi,dwhdmi-rockchip,active
fdec0000,1000,edp@fdec0000,disabled,rockchip,rk3588-edp,,
fded0000,1000,edp@fded0000,disabled,rockchip,rk3588-edp,,
fdee0000,6000,hdmirx-controller@fdee0000,okay,rockchip,rk3588-hdmirx-ctrler,rk_hdmirx,active
fdf35000,20,qos@fdf35000,okay,syscon,,unsupported
fdf35200,20,qos@fdf35200,okay,syscon,,unsupported
fdf35400,20,qos@fdf35400,okay,syscon,,unsupported
fdf35600,20,qos@fdf35600,okay,syscon,,unsupported
fdf36000,20,qos@fdf36000,okay,syscon,,unsupported
fdf39000,20,qos@fdf39000,okay,syscon,,unsupported
fdf3d800,20,qos@fdf3d800,okay,syscon,,unsupported
fdf3e000,20,qos@fdf3e000,okay,syscon,,unsupported
fdf3e200,20,qos@fdf3e200,okay,syscon,,unsupported
fdf3e400,20,qos@fdf3e400,okay,syscon,,unsupported
fdf3e600,20,qos@fdf3e600,okay,syscon,,unsupported
fdf40000,20,qos@fdf40000,okay,syscon,,unsupported
fdf40200,20,qos@fdf40200,okay,syscon,,unsupported
fdf40400,20,qos@fdf40400,okay,syscon,,unsupported
fdf40500,20,qos@fdf40500,okay,syscon,,unsupported
fdf40600,20,qos@fdf40600,okay,syscon,,unsupported
fdf40800,20,qos@fdf40800,okay,syscon,,unsupported
fdf41000,20,qos@fdf41000,okay,syscon,,unsupported
fdf41100,20,qos@fdf41100,okay,syscon,,unsupported
fdf60000,20,qos@fdf60000,okay,syscon,,unsupported
fdf60200,20,qos@fdf60200,okay,syscon,,unsupported
fdf60400,20,qos@fdf60400,okay,syscon,,unsupported
fdf61000,20,qos@fdf61000,okay,syscon,,unsupported
fdf61200,20,qos@fdf61200,okay,syscon,,unsupported
fdf61400,20,qos@fdf61400,okay,syscon,,unsupported
fdf62000,20,qos@fdf62000,okay,syscon,,unsupported
fdf63000,20,qos@fdf63000,okay,syscon,,unsupported
fdf64000,20,qos@fdf64000,okay,syscon,,unsupported
fdf66000,20,qos@fdf66000,okay,syscon,,unsupported
fdf66200,20,qos@fdf66200,okay,syscon,,unsupported
fdf66400,20,qos@fdf66400,okay,syscon,,unsupported
fdf66600,20,qos@fdf66600,okay,syscon,,unsupported
fdf66800,20,qos@fdf66800,okay,syscon,,unsupported
fdf66a00,20,qos@fdf66a00,okay,syscon,,unsupported
fdf66c00,20,qos@fdf66c00,okay,syscon,,unsupported
fdf66e00,20,qos@fdf66e00,okay,syscon,,unsupported
fdf67000,20,qos@fdf67000,okay,syscon,,unsupported
fdf67200,20,qos@fdf67200,okay,syscon,,unsupported
fdf70000,20,qos@fdf70000,okay,syscon,,unsupported
fdf71000,20,qos@fdf71000,okay,syscon,,unsupported
fdf72000,20,qos@fdf72000,okay,syscon,,unsupported
fdf72200,20,qos@fdf72200,okay,syscon,,unsupported
fdf72400,20,qos@fdf72400,okay,syscon,,unsupported
fdf80000,20,qos@fdf80000,okay,syscon,,unsupported
fdf81000,20,qos@fdf81000,okay,syscon,,unsupported
fdf81200,20,qos@fdf81200,okay,syscon,,unsupported
fdf82000,20,qos@fdf82000,okay,syscon,,unsupported
fdf82200,20,qos@fdf82200,okay,syscon,,unsupported
fe060000,10000,dfi@fe060000,okay,rockchip,rk3588-dfi,rockchip-dfi,unsupported
fe150000,10000,pcie@fe150000,okay,rockchip,rk3588-pcie,rk-pcie,active
fe160000,10000,pcie@fe160000,disabled,rockchip,rk3588-pcie,,
fe170000,10000,pcie@fe170000,okay,rockchip,rk3588-pcie,rk-pcie,active
fe180000,10000,pcie@fe180000,disabled,rockchip,rk3588-pcie,,
fe190000,10000,pcie@fe190000,okay,rockchip,rk3588-pcie,rk-pcie,active
fe1b0000,10000,ethernet@fe1b0000,disabled,rockchip,rk3588-gmac,,
fe1b0000,10000,uio@fe1b0000,disabled,rockchip,uio-gmac,,
fe1c0000,10000,ethernet@fe1c0000,disabled,rockchip,rk3588-gmac,,
fe1c0000,10000,uio@fe1c0000,disabled,rockchip,uio-gmac,,
fe210000,1000,sata@fe210000,disabled,rockchip,rk-ahci,,
fe220000,1000,sata@fe220000,disabled,rockchip,rk-ahci,,
fe230000,1000,sata@fe230000,disabled,rockchip,rk-ahci,,
fe2b0000,4000,spi@fe2b0000,okay,rockchip,sfc,rockchip-sfc,suspended
fe2c0000,4000,mmc@fe2c0000,okay,rockchip,rk3588-dw-mshc,dwmmc_rockchip,unsupported
fe2d0000,4000,mmc@fe2d0000,okay,rockchip,rk3588-dw-mshc,dwmmc_rockchip,suspended
fe2e0000,10000,mmc@fe2e0000,okay,rockchip,rk3588-dwcmshc,sdhci-dwcmshc,suspended
fe370000,2000,crypto@fe370000,disabled,rockchip,rk3588-crypto,,
fe378000,200,rng@fe378000,okay,rockchip,trngv1,rockchip-rng,suspended
fe470000,1000,i2s@fe470000,okay,rockchip,rk3588-i2s-tdm,rockchip-i2s-tdm,suspended
fe480000,1000,i2s@fe480000,disabled,rockchip,rk3588-i2s-tdm,,
fe490000,1000,i2s@fe490000,disabled,rockchip,rk3588-i2s,,
fe4a0000,1000,i2s@fe4a0000,disabled,rockchip,rk3588-i2s,,
fe4b0000,1000,pdm@fe4b0000,disabled,rockchip,rk3588-pdm,,
fe4c0000,1000,pdm@fe4c0000,disabled,rockchip,rk3588-pdm,,
fe4d0000,1000,vad@fe4d0000,disabled,rockchip,rk3588-vad,,
fe4e0000,1000,spdif-tx@fe4e0000,disabled,rockchip,rk3588-spdif,,
fe4f0000,1000,spdif-tx@fe4f0000,disabled,rockchip,rk3588-spdif,,
fe500000,1000,codec-digital@fe500000,disabled,rockchip,rk3588-codec-digital,,
fe5a0000,100,hwspinlock@fe5a0000,okay,rockchip,hwspinlock,,unsupported
fe600000,10000,interrupt-controller@fe600000,okay,arm,gic-v3,,
fea10000,4000,dma-controller@fea10000,okay,arm,pl330,,
fea30000,4000,dma-controller@fea30000,okay,arm,pl330,,
fea50000,1000,can@fea50000,disabled,rockchip,can-2.0,,
fea60000,1000,can@fea60000,disabled,rockchip,can-2.0,,
fea70000,1000,can@fea70000,disabled,rockchip,can-2.0,,
fea80000,1000,decompress@fea80000,disabled,rockchip,hw-decompress,,
fea90000,1000,i2c@fea90000,okay,rockchip,rk3588-i2c,rk3x-i2c,unsupported
feaa0000,1000,i2c@feaa0000,disabled,rockchip,rk3588-i2c,,
feab0000,1000,i2c@feab0000,disabled,rockchip,rk3588-i2c,,
feac0000,1000,i2c@feac0000,okay,rockchip,rk3588-i2c,rk3x-i2c,unsupported
fead0000,1000,i2c@fead0000,disabled,rockchip,rk3588-i2c,,
feae0000,20,timer@feae0000,okay,rockchip,rk3588-timer,,unsupported
feaf0000,100,watchdog@feaf0000,okay,snps,dw-wdt,dw_wdt,unsupported
feb00000,1000,spi@feb00000,disabled,rockchip,rk3066-spi,,
feb10000,1000,spi@feb10000,disabled,rockchip,rk3066-spi,,
feb20000,1000,spi@feb20000,okay,rockchip,rk3066-spi,rockchip-spi,active
feb30000,1000,spi@feb30000,disabled,rockchip,rk3066-spi,,
feb40000,100,serial@feb40000,disabled,rockchip,rk3588-uart,,
feb50000,100,serial@feb50000,disabled,rockchip,rk3588-uart,,
feb60000,100,serial@feb60000,disabled,rockchip,rk3588-uart,,
feb70000,100,serial@feb70000,disabled,rockchip,rk3588-uart,,
feb80000,100,serial@feb80000,disabled,rockchip,rk3588-uart,,
feb90000,100,serial@feb90000,okay,rockchip,rk3588-uart,dw-apb-uart,active
feba0000,100,serial@feba0000,disabled,rockchip,rk3588-uart,,
febb0000,100,serial@febb0000,disabled,rockchip,rk3588-uart,,
febc0000,100,serial@febc0000,disabled,rockchip,rk3588-uart,,
febd0000,10,pwm@febd0000,disabled,rockchip,rk3588-pwm,,
febd0010,10,pwm@febd0010,disabled,rockchip,rk3588-pwm,,
febd0020,10,pwm@febd0020,disabled,rockchip,rk3588-pwm,,
febd0030,10,pwm@febd0030,disabled,rockchip,rk3588-pwm,,
febe0000,10,pwm@febe0000,disabled,rockchip,rk3588-pwm,,
febe0010,10,pwm@febe0010,disabled,rockchip,rk3588-pwm,,
febe0020,10,pwm@febe0020,disabled,rockchip,rk3588-pwm,,
febe0030,10,pwm@febe0030,disabled,rockchip,rk3588-pwm,,
febf0000,10,pwm@febf0000,disabled,rockchip,rk3588-pwm,,
febf0010,10,pwm@febf0010,disabled,rockchip,rk3588-pwm,,
febf0020,10,pwm@febf0020,disabled,rockchip,rk3588-pwm,,
febf0030,10,pwm@febf0030,disabled,rockchip,rk3588-pwm,,
fec00000,400,tsadc@fec00000,okay,rockchip,rk3588-tsadc,rockchip-thermal,unsupported
fec10000,10000,saradc@fec10000,okay,rockchip,rk3588-saradc,rockchip-saradc,unsupported
fec60000,200,mailbox@fec60000,disabled,rockchip,rk3588-mailbox,,
fec70000,200,mailbox@fec70000,disabled,rockchip,rk3588-mailbox,,
fec80000,1000,i2c@fec80000,okay,rockchip,rk3588-i2c,rk3x-i2c,unsupported
fec90000,1000,i2c@fec90000,okay,rockchip,rk3588-i2c,rk3x-i2c,unsupported
feca0000,1000,i2c@feca0000,disabled,rockchip,rk3588-i2c,,
fecb0000,1000,spi@fecb0000,disabled,rockchip,rk3066-spi,,
fecc0000,400,otp@fecc0000,okay,rockchip,rk3588-otp,rockchip-otp,unsupported
fece0000,200,mailbox@fece0000,disabled,rockchip,rk3588-mailbox,,
fed10000,4000,dma-controller@fed10000,okay,arm,pl330,,
fed60000,2000,hdmiphy@fed60000,okay,rockchip,rk3588-hdptx-phy-hdmi,rockchip-hdptx-phy-hdmi,active
fed60000,2000,phy@fed60000,disabled,rockchip,rk3588-hdptx-phy,,
fed70000,2000,hdmiphy@fed70000,okay,rockchip,rk3588-hdptx-phy-hdmi,rockchip-hdptx-phy-hdmi,active
fed70000,2000,phy@fed70000,disabled,rockchip,rk3588-hdptx-phy,,
fed80000,10000,phy@fed80000,okay,rockchip,rk3588-usbdp-phy,rockchip-usbdp-phy,unsupported
fed90000,10000,phy@fed90000,okay,rockchip,rk3588-usbdp-phy,rockchip-usbdp-phy,unsupported
feda0000,10000,phy@feda0000,okay,rockchip,rk3588-mipi-dcphy,samsung-mipi-dcphy,suspended
fedb0000,10000,phy@fedb0000,okay,rockchip,rk3588-mipi-dcphy,samsung-mipi-dcphy,suspended
fedc0000,8000,csi2-dphy0-hw@fedc0000,okay,rockchip,rk3588-csi2-dphy-hw,rockchip-csi2-dphy-hw,suspended
fedc8000,8000,csi2-dphy1-hw@fedc8000,okay,rockchip,rk3588-csi2-dphy-hw,rockchip-csi2-dphy-hw,suspended
fee00000,100,phy@fee00000,okay,rockchip,rk3588-naneng-combphy,naneng-combphy,unsupported
fee10000,100,phy@fee10000,okay,rockchip,rk3588-naneng-combphy,naneng-combphy,unsupported
fee20000,100,phy@fee20000,okay,rockchip,rk3588-naneng-combphy,naneng-combphy,unsupported
fee80000,20000,phy@fee80000,okay,rockchip,rk3588-pcie3-phy,rockchip-snps-pcie3-phy,unsupported
ff001000,ef000,sram@ff001000,okay,mmio-sram,sram,unsupported
