module,start,size
PCIe3_4L_S,f0000000,16MB
PCIe3_2L_S,f1000000,16MB
PCIe3_1L0_S,f2000000,16MB
PCIe3_1L1_S,f3000000,16MB
PCIe3_1L2_S,f4000000,16MB
PCIe3_4L_DBI,f5000000,4MB
PCIe3_2L_DBI,f5400000,4MB
PCIe3_1L0_DBI,f5800000,4MB
PCIe3_1L1_DBI,f5c00000,4MB
PCIe3_1L2_DBI,f6000000,4MB
Reserved,f6400000,11MB
MCU_TCM,f6f00000,64KB
MCU_CACHE,f6f10000,64KB
MCU_RAM_TEST,f6f20000,64KB
Reserved,f6f30000,832KB
DDRCTL_0,f7000000,16MB
DDRCTL_1,f8000000,16MB
DDRCTL_2,f9000000,16MB
DDRCTL_3,fa000000,16MB
GPU G610,fb000000,16MB
USB3_0,fc000000,4MB
USB3_1,fc400000,4MB
USB2HOST_0,fc800000,512KB
USB2HOST_1,fc880000,512KB
MMU600_PCIE,fc900000,2MB
MMU600_PHP,fcb00000,2MB
USB3_2,fcd00000,4MB
DAPLITE2,fd100000,512KB
Reserved,fd180000,512KB
Reserved,fd200000,64KB
Reserved,fd210000,3520KB
PMU0_SGRF,fd580000,8KB
PMU1_SGRF,fd582000,8KB
Reserved,fd584000,8KB
BUS_SGRF,fd586000,4KB
DSU_SGRF,fd587000,4KB
PMU0_GRF,fd588000,8KB
PMU1_GRF,fd58a000,8KB
SYS_GRF,fd58c000,16KB
BIGCORE0_GRF,fd590000,8KB
BIGCORE1_GRF,fd592000,8KB
LITCORE_GRF,fd594000,16KB
DSU_GRF,fd598000,16KB
DDR01_GRF,fd59c000,4KB
DDR23_GRF,fd59d000,4KB
CENTER_GRF,fd59e000,8KB
GPU_GRF,fd5a0000,8KB
NPU_GRF,fd5a2000,8KB
VOP_GRF,fd5a4000,8KB
VO0_GRF,fd5a6000,8KB
VO1_GRF,fd5a8000,16KB
USB_GRF,fd5ac000,16KB
PHP_GRF,fd5b0000,16KB
CSIDPHY0_GRF,fd5b4000,4KB
CSIDPHY1_GRF,fd5b5000,4KB
Reserved,fd5b6000,8KB
PCIe3PHY_GRF,fd5b8000,16KB
PIPE_PHY0_GRF,fd5bc000,16KB
PIPE_PHY1_GRF,fd5c0000,16KB
PIPE_PHY2_GRF,fd5c4000,16KB
USBDPPHY0_GRF,fd5c8000,16KB
USBDPPHY1_GRF,fd5cc000,16KB
USB2PHY0_GRF,fd5d0000,16KB
USB2PHY1_GRF,fd5d4000,16KB
USB2PHY2_GRF,fd5d8000,16KB
USB2PHY3_GRF,fd5dc000,16KB
HDPTXPHY0_GRF,fd5e0000,16KB
HDPTXPHY1_GRF,fd5e4000,16KB
MIPIDCPHY0_GRF,fd5e8000,16KB
MIPIDCPHY1_GRF,fd5ec000,16KB
PMU1_IOC,fd5f0000,16KB
PMU2_IOC,fd5f4000,16KB
BUS_IOC,fd5f8000,4KB
VCCIO1_4_IOC,fd5f9000,4KB
VCCIO3_5_IOC,fd5fa000,4KB
VCCIO2_IOC,fd5fb000,4KB
VCCIO6_IOC,fd5fc000,4KB
EMMC_IOC,fd5fd000,4KB
Reserved,fd5fe000,8KB
SYSTEM_SRAM,fd600000,1MB
PMU_MEM,fd700000,256KB
Reserved,fd740000,512KB
CRU_NS,fd7c0000,32KB
PHP_PPLL_CRU,fd7c8000,32KB
SEC_SCRU,fd7d0000,32KB
BUS_SCRU,fd7d8000,32KB
PMU1_SCRU,fd7e0000,64KB
PMU1_CRU,fd7f0000,64KB
DDRPHY0_CRU,fd800000,16KB
DDRPHY1_CRU,fd804000,16KB
DDRPHY2_CRU,fd808000,16KB
DDRPHY3_CRU,fd80c000,16KB
BIGCORE0_CRU,fd810000,8KB
BIGCORE1_CRU,fd812000,8KB
Reserved,fd814000,16KB
DSU_CRU,fd818000,16KB
Reserved,fd81c000,400KB
I2C0,fd880000,64KB
UART0,fd890000,64KB
GPIO0,fd8a0000,64KB
PWM0,fd8b0000,64KB
PVTM_PMU,fd8c0000,32KB
HPTIMER,fd8c8000,16KB
Reserved,fd8cc000,16KB
PMU,fd8d0000,64KB
WDT_PMU,fd8e0000,64KB
TIMER_PMU(2CH),fd8f0000,64KB
Reserved,fd900000,704KB
OSC_CHK,fd9b0000,64KB
SCRAMBLE_KEY,fd9c0000,64KB
Reserved,fd9d0000,448KB
PVTM_CORE_B0,fda40000,32KB
Reserved,fda48000,32KB
PVTM_CORE_B1,fda50000,32KB
Reserved,fda58000,32KB
PVTM_CORE_L,fda60000,64KB
Reserved,fda70000,256KB
RKNN C0,fdab0000,64KB
RKNN C1,fdac0000,64KB
RKNN C2,fdad0000,64KB
Reserved,fdae0000,64KB
PVTM_NPU,fdaf0000,32KB
WDT_NPU,fdaf8000,32KB
TIMER_NPU(2CH),fdb00000,32KB
Reserved,fdb08000,160KB
PVTM_GPU,fdb30000,64KB
Reserved,fdb40000,64KB
VDPU,fdb50000,64KB
RGA3_0,fdb60000,64KB
RGA3_1,fdb70000,64KB
RGA2,fdb80000,64KB
JPEG_DEC,fdb90000,64KB
JPEG_ENC0,fdba0000,16KB
JPEG_ENC1,fdba4000,16KB
JPEG_ENC2,fdba8000,16KB
JPEG_ENC3,fdbac000,16KB
IEP,fdbb0000,64KB
Reserved,fdbc0000,64KB
RKVENC0,fdbd0000,64KB
RKVENC1,fdbe0000,64KB
Reserved,fdbf0000,256KB
RKVDEC_CCU,fdc30000,32KB
RKVDEC0,fdc38000,32KB
RKVDEC1,fdc40000,64KB
Reserved,fdc50000,128KB
AV1,fdc70000,256KB
ISP0,fdcb0000,64KB
ISP1,fdcc0000,64KB
FISHEYE0,fdcd0000,32KB
FISHEYE1,fdcd8000,32KB
VICAP,fdce0000,128KB
Reserved,fdd00000,64KB
CSI HOST0,fdd10000,64KB
CSI HOST1,fdd20000,64KB
CSI HOST2,fdd30000,64KB
CSI HOST3,fdd40000,64KB
CSI HOST4,fdd50000,64KB
CSI HOST5,fdd60000,64KB
Reserved,fdd70000,128KB
VOP,fdd90000,64KB
HDCP0_MMU,fdda0000,64KB
SPDIF_TX2,fddb0000,32KB
SPDIF_TX5,fddb8000,32KB
I2S4_8CH,fddc0000,32KB
I2S8_8CH,fddc8000,32KB
HDCP1_MMU,fddd0000,64KB
SPDIF_TX3,fdde0000,32KB
SPDIF_TX4,fdde8000,32KB
I2S5_8CH,fddf0000,16KB
I2S6_8CH,fddf4000,16KB
I2S7_8CH,fddf8000,16KB
I2S9_8CH,fddfc000,16KB
I2S10_8CH,fde00000,16KB
Reserved,fde04000,16KB
SPDIF_RX0,fde08000,32KB
SPDIF_RX1,fde10000,32KB
SPDIF_RX2,fde18000,32KB
DSI HOST0,fde20000,64KB
DSI HOST1,fde30000,64KB
HDCP0,fde40000,32KB
HDCP0_TRNG,fde48000,32KB
DP0,fde50000,64KB
DP1,fde60000,64KB
HDCP1,fde70000,32KB
HDCP1_TRNG,fde78000,32KB
HDMI TX0,fde80000,128KB
HDMI TX1,fdea0000,128KB
eDP0,fdec0000,64KB
eDP1,fded0000,64KB
HDMI RX,fdee0000,64KB
HDCP_KEY 0,fdef0000,32KB
HDCP_KEY 1,fdef8000,64KB
Reserved,fdf08000,32KB
HDMIRX_S,fdf10000,16KB
Reserved,fdf14000,16KB
eDP0_S,fdf18000,16KB
eDP1_S,fdf1c000,16KB
Reserved,fdf20000,64KB
INTERCONNECT,fdf30000,896KB
FIREWALL_DSUDDR,fe010000,32KB
Reserved,fe018000,96KB
FIREWALL_DDR,fe030000,32KB
FIREWALL_SYSMEM,fe038000,32KB
Reserved,fe040000,64KB
DMA2DDR,fe050000,64KB
DDR_MON0,fe060000,16KB
DDR_MON1,fe064000,16KB
DDR_MON2,fe068000,16KB
DDR_MON3,fe06c000,16KB
Reserved,fe070000,320KB
DDRPHY0,fe0c0000,64KB
DDRPHY1,fe0d0000,64KB
DDRPHY2,fe0e0000,64KB
DDRPHY3,fe0f0000,64KB
Reserved,fe100000,64KB
WDT_DDR,fe110000,32KB
TIMER_DDR(2CH),fe118000,32KB
SHARE_MEM_SLV,fe120000,32KB
AHB2APB,fe128000,32KB
Reserved,fe130000,128KB
PCIe3_4L_APB,fe150000,64KB
PCIe3_2L_APB,fe160000,64KB
PCIe3_1L0_APB,fe170000,64KB
PCIe3_1L1_APB,fe180000,64KB
PCIe3_1L2_APB,fe190000,64KB
Reserved,fe1a0000,64KB
GMAC0,fe1b0000,64KB
GMAC1,fe1c0000,64KB
Reserved,fe1d0000,256KB
SATA0,fe210000,64KB
SATA1,fe220000,64KB
SATA2,fe230000,64KB
Reserved,fe240000,448KB
FSPI,fe2b0000,64KB
SDMMC,fe2c0000,64KB
SDIO,fe2d0000,64KB
EMMC,fe2e0000,64KB
SDMMC_BUF,fe2f0000,64KB
Reserved,fe300000,448KB
CRYPTO_NS,fe370000,32KB
TRNG_NS,fe378000,32KB
KEYLADDER_S,fe380000,64KB
CRYPTO_S(Slave),fe390000,32KB
TRNG_S,fe398000,32KB
OTP_S,fe3a0000,64KB
Reserved,fe3b0000,64KB
DCF,fe3c0000,64KB
TIMER_S_0(6CH),fe3d0000,64KB
WDT_S,fe3e0000,64KB
SEC_TRNG_CHK,fe3f0000,64KB
Reserved,fe400000,128KB
CRYPTO_S(By Keylad),fe420000,64KB
Reserved,fe430000,256KB
I2S0_8CH,fe470000,64KB
I2S1_8CH,fe480000,64KB
I2S2_2CH,fe490000,64KB
I2S3_2CH,fe4a0000,64KB
PDM0,fe4b0000,64KB
PDM1,fe4c0000,64KB
VAD,fe4d0000,64KB
SPDIF_TX0,fe4e0000,64KB
SPDIF_TX1,fe4f0000,64KB
ACDCDIG_DSM,fe500000,64KB
Reserved,fe510000,576KB
SPINLOCK,fe5a0000,64KB
Reserved,fe5b0000,320KB
GIC600,fe600000,4MB
DMAC0_S,fea00000,64KB
DMAC0_NS,fea10000,64KB
DMAC1_S,fea20000,64KB
DMAC1_NS,fea30000,64KB
Reserved,fea40000,64KB
CAN0,fea50000,64KB
CAN1,fea60000,64KB
CAN2,fea70000,64KB
DECOM,fea80000,64KB
I2C1,fea90000,64KB
I2C2,feaa0000,64KB
I2C3,feab0000,64KB
I2C4,feac0000,64KB
I2C5,fead0000,64KB
TIMER_NS_0(6CH),feae0000,32KB
TIMER_NS_1(6CH),feae8000,32KB
WDT_NS,feaf0000,64KB
SPI0,feb00000,64KB
SPI1,feb10000,64KB
SPI2,feb20000,64KB
SPI3,feb30000,64KB
UART1,feb40000,64KB
UART2,feb50000,64KB
UART3,feb60000,64KB
UART4,feb70000,64KB
UART5,feb80000,64KB
UART6,feb90000,64KB
UART7,feba0000,64KB
UART8,febb0000,64KB
UART9,febc0000,64KB
PWM1,febd0000,64KB
PWM2,febe0000,64KB
PWM3,febf0000,64KB
TSADC,fec00000,64KB
SARADC,fec10000,64KB
GPIO1,fec20000,64KB
GPIO2,fec30000,64KB
GPIO3,fec40000,64KB
GPIO4,fec50000,64KB
MAILBOX0(MCU_PMU),fec60000,64KB
MAILBOX1(MCU_DDR),fec70000,64KB
I2C6,fec80000,64KB
I2C7,fec90000,64KB
I2C8,feca0000,64KB
SPI4,fecb0000,64KB
OTP_NS,fecc0000,64KB
Reserved,fecd0000,64KB
MAILBOX2(MCU_NPU),fece0000,64KB
INTMUX(MCU_PMU),fecf0000,32KB
INTMUX(MCU_DDR),fecf8000,32KB
DMAC2_S,fed00000,64KB
DMAC2_NS,fed10000,64KB
JTAG_LOCK,fed20000,32KB
Reserved,fed28000,32KB
TIMER_S_1(6CH),fed30000,64KB
Reserved,fed40000,128KB
HDPTX Combo PHY0,fed60000,64KB
HDPTX Combo PHY1,fed70000,64KB
USBDP PHY0,fed80000,64KB
USBDP PHY1,fed90000,64KB
MIPI CD PHY0,feda0000,64KB
MIPI CD PHY1,fedb0000,64KB
MIPI CSI DPHY0,fedc0000,32KB
MIPI CSI DPHY1,fedc8000,32KB
Reserved,fedd0000,64KB
HDMI RX PHY,fede0000,64KB
Reserved,fedf0000,64KB
Combo PIPE PHY0,fee00000,64KB
Combo PIPE PHY1,fee10000,64KB
Combo PIPE PHY2,fee20000,64KB
Reserved,fee30000,312KB
PCIe3 PHY,fee80000,512KB
Reserved,fef00000,1MB
SYSTEM_SRAM,ff000000,1MB
PMU_MEM,ff100000,256KB
